Rok produkcji,Przebieg,Pojemność skokowa,Moc,Spalanie W Mieście,Cena,Oferta od_Firmy,Oferta od_Osoby prywatnej,Rodzaj paliwa_Benzyna,Rodzaj paliwa_Diesel,Skrzynia biegów_Automatyczna,Skrzynia biegów_Manualna,Kraj pochodzenia_Inne,Kraj pochodzenia_Niemcy,Kraj pochodzenia_Polska,Zarejestrowany w Polsce_Nie,Zarejestrowany w Polsce_Tak
2015,112000,1395.0,125.0,6.0,56400,0,1,1,0,0,1,0,0,1,0,1
1997,230000,1781.0,75.0,11.0,3500,0,1,1,0,0,1,1,0,0,0,1
2007,126296,1390.0,140.0,9.0,19900,0,1,1,0,0,1,0,1,0,1,0
2007,367800,1896.0,105.0,6.0,14000,0,1,0,1,0,1,0,1,0,0,1
2008,293000,1896.0,105.0,8.0,13500,0,1,0,1,0,1,0,0,1,0,1
2018,151200,1395.0,125.0,6.0,75703,0,1,1,0,1,0,0,0,1,0,1
2017,136900,1395.0,125.0,6.0,63900,0,1,1,0,0,1,0,0,1,0,1
2009,189500,1595.0,102.0,9.0,26900,0,1,1,0,0,1,0,1,0,1,0
2018,113200,1395.0,125.0,6.0,72900,1,0,1,0,0,1,0,0,1,0,1
2011,304000,1598.0,105.0,4.7,22500,0,1,0,1,0,1,1,0,0,0,1
2005,189500,1595.0,102.0,9.0,15800,0,1,1,0,0,1,0,1,0,1,0
2018,104000,1598.0,115.0,4.1,68900,1,0,0,1,1,0,0,0,1,0,1
2020,182000,1498.0,150.0,6.6,67900,1,0,1,0,1,0,0,0,1,0,1
2020,180000,1598.0,115.0,4.6,56999,1,0,0,1,0,1,0,0,1,0,1
2020,54022,1498.0,150.0,6.1,80000,0,1,1,0,1,0,1,0,0,1,0
2023,8,1498.0,150.0,6.928000000000002,169900,1,0,1,0,1,0,0,0,1,1,0
2019,80000,1498.0,130.0,8.0,79900,1,0,1,0,0,1,0,0,1,0,1
2001,300000,1896.0,100.0,6.0,9000,0,1,0,1,0,1,0,1,0,0,1
2008,194000,1395.0,122.0,6.0,18900,0,1,1,0,0,1,1,0,0,1,0
2020,180000,1498.0,150.0,6.6,67900,1,0,1,0,1,0,0,0,1,0,1
2014,189736,1598.0,105.0,6.164663461538455,39999,1,0,0,1,0,1,0,1,0,0,1
2019,74674,1984.0,245.0,6.21623931623932,114900,1,0,1,0,1,0,0,0,1,0,1
2023,5,1984.0,245.0,6.21623931623932,190900,1,0,1,0,1,0,0,0,1,1,0
2018,49494,1498.0,150.0,6.928000000000002,99900,1,0,1,0,1,0,0,0,1,0,1
2015,230000,1395.0,150.0,6.7,48500,0,1,1,0,0,1,0,0,1,0,1
2016,241400,1598.0,110.0,4.5,39900,0,1,0,1,1,0,1,0,0,0,1
2010,279311,1598.0,105.0,5.0,21900,0,1,0,1,0,1,0,0,1,0,1
2015,232560,1598.0,110.0,3.9,38999,1,0,0,1,0,1,1,0,0,1,0
2023,5,1498.0,130.0,7.190939597315435,126900,1,0,1,0,0,1,0,0,1,1,0
2023,5,1498.0,130.0,7.190939597315435,126900,1,0,1,0,0,1,0,0,1,1,0
2018,139000,1598.0,115.0,4.7,58900,1,0,0,1,0,1,0,0,1,0,1
2020,133000,999.0,115.0,7.190939597315435,54900,1,0,1,0,0,1,0,0,1,0,1
2005,198121,1390.0,75.0,9.0,14900,0,1,1,0,0,1,0,1,0,1,0
2016,109266,1390.0,125.0,7.190939597315435,56999,1,0,1,0,0,1,0,0,1,0,1
2023,5,999.0,90.0,7.190939597315435,102900,1,0,1,0,0,1,0,0,1,1,0
2000,298000,1598.0,105.0,9.0,7500,0,1,1,0,0,1,0,1,0,1,0
2019,78000,1498.0,130.0,6.1,79900,1,0,1,0,1,0,0,0,1,0,1
2017,152401,1390.0,125.0,7.190939597315435,58000,1,0,1,0,0,1,0,0,1,0,1
2018,111932,1598.0,115.0,6.164663461538455,56000,1,0,0,1,0,1,0,0,1,0,1
2019,41027,1498.0,130.0,7.190939597315435,86999,1,0,1,0,1,0,0,0,1,0,1
2017,156000,1598.0,115.0,6.164663461538455,59900,0,1,0,1,0,1,0,1,0,0,1
2016,124520,1197.0,110.0,7.190939597315435,47499,1,0,1,0,0,1,0,0,1,0,1
2009,295000,1968.0,140.0,6.0,24990,0,1,0,1,0,1,0,0,1,0,1
2017,89500,1984.0,220.0,8.0,89900,0,1,1,0,1,0,1,0,0,0,1
2007,179000,1595.0,102.0,7.0,18900,0,1,1,0,0,1,0,1,0,1,0
2013,208100,1598.0,105.0,5.0,29999,1,0,0,1,0,1,0,0,1,0,1
2011,180000,1598.0,105.0,5.7,25900,0,1,0,1,0,1,0,1,0,0,1
2009,183000,1595.0,102.0,9.0,29900,0,1,1,0,0,1,0,1,0,1,0
2008,220000,1595.0,102.0,9.0,20700,0,1,1,0,0,1,0,1,0,1,0
2020,98000,999.0,115.0,5.5,55900,1,0,1,0,0,1,0,0,1,0,1
2018,121000,1498.0,150.0,6.5,86900,0,1,1,0,1,0,0,0,1,0,1
2018,100858,1598.0,115.0,6.164663461538455,66900,1,0,0,1,0,1,0,0,1,0,1
2010,194500,1598.0,105.0,6.164663461538455,35999,1,0,0,1,0,1,0,1,0,1,0
2010,245100,1390.0,122.0,8.0,21900,0,1,1,0,0,1,0,0,1,1,0
2009,217000,1390.0,122.0,8.0,24400,0,1,1,0,0,1,1,0,0,0,1
2011,153000,1968.0,170.0,6.5,50900,0,1,0,1,0,1,0,1,0,0,1
2004,242000,1968.0,75.0,6.0,9999,0,1,0,1,0,1,0,0,1,0,1
2011,151000,1197.0,105.0,6.0,25900,0,1,1,0,0,1,0,1,0,1,0
2021,30100,1984.0,245.0,6.21623931623932,177207,0,1,1,0,1,0,0,0,1,0,1
2009,152000,1390.0,122.0,8.3,19990,0,1,1,0,0,1,0,1,0,1,0
2009,198321,1595.0,102.0,11.0,26400,0,1,1,0,1,0,0,1,0,1,0
2002,375363,1896.0,100.0,6.0,8900,0,1,0,1,0,1,0,1,0,0,1
2009,237000,1896.0,105.0,6.164663461538455,17900,0,1,0,1,0,1,1,0,0,1,0
2020,94000,999.0,115.0,5.5,56900,1,0,1,0,0,1,0,0,1,0,1
2017,97500,1395.0,150.0,6.0,76900,0,1,1,0,1,0,1,0,0,0,1
2015,87550,1395.0,122.0,6.0,65500,0,1,1,0,1,0,0,0,1,0,1
2020,91000,999.0,115.0,5.5,57900,1,0,1,0,0,1,0,0,1,0,1
2017,175400,1395.0,150.0,6.0,65900,0,1,1,0,0,1,0,0,1,0,1
2008,203400,1595.0,102.0,9.0,22900,0,1,1,0,0,1,0,1,0,1,0
2019,93500,999.0,115.0,7.190939597315435,57000,0,1,1,0,0,1,0,0,1,1,0
2017,185000,1395.0,150.0,6.0,49900,1,0,1,0,0,1,0,0,1,0,1
2017,33600,1395.0,125.0,6.0,98000,0,1,1,0,0,1,0,0,1,0,1
2013,263000,1968.0,150.0,5.0,38800,0,1,0,1,1,0,0,1,0,1,0
2010,166000,1197.0,105.0,7.0,26900,0,1,1,0,0,1,0,1,0,1,0
2019,190875,1598.0,115.0,6.164663461538455,49900,1,0,0,1,0,1,0,0,1,0,1
2020,91000,999.0,115.0,7.190939597315435,57900,1,0,1,0,0,1,0,0,1,0,1
2020,129000,999.0,115.0,7.190939597315435,54900,1,0,1,0,0,1,0,0,1,0,1
2014,280000,1598.0,105.0,4.9,39350,0,1,0,1,0,1,0,0,1,0,1
2021,32038,1984.0,245.0,6.21623931623932,167280,0,1,1,0,1,0,0,0,1,0,1
2007,207123,1968.0,140.0,7.0,18800,1,0,0,1,0,1,1,0,0,1,0
1991,307600,1588.0,60.0,6.164663461538455,3999,0,1,0,1,0,1,1,0,0,1,0
2009,238400,1896.0,105.0,6.0,18900,0,1,0,1,0,1,0,1,0,1,0
2017,159000,1598.0,90.0,4.0,44900,1,0,0,1,0,1,0,0,1,0,1
2015,185111,1598.0,110.0,6.164663461538455,47900,1,0,0,1,0,1,0,1,0,1,0
2013,211000,1598.0,105.0,4.6,31900,0,1,0,1,0,1,0,1,0,1,0
2020,16200,1498.0,150.0,6.5,98000,0,1,1,0,0,1,0,0,1,0,1
2008,232000,1896.0,105.0,6.0,14900,0,1,0,1,0,1,0,1,0,1,0
1998,145000,1595.0,100.0,9.0,30000,0,1,1,0,0,1,0,1,0,0,1
2013,73000,1197.0,105.0,5.6,45900,0,1,1,0,1,0,1,0,0,0,1
2018,62000,1984.0,245.0,6.21623931623932,117900,0,1,1,0,1,0,0,0,1,0,1
2002,222222,1390.0,75.0,8.0,5900,0,1,1,0,0,1,0,1,0,1,0
2007,234000,1896.0,105.0,6.0,15900,0,1,0,1,0,1,0,1,0,1,0
2010,260000,1598.0,105.0,5.7,20800,1,0,0,1,0,1,1,0,0,1,0
2009,293000,1896.0,105.0,6.0,17999,0,1,0,1,0,1,0,1,0,0,1
2005,176000,1595.0,102.0,9.0,16900,0,1,1,0,0,1,0,1,0,1,0
2008,179876,1390.0,160.0,8.0,16999,0,1,1,0,0,1,0,1,0,1,0
2009,262000,1896.0,105.0,7.0,23900,0,1,0,1,1,0,0,1,0,0,1
2012,297021,1598.0,105.0,5.7,22900,0,1,0,1,0,1,1,0,0,1,0
2012,198112,1598.0,105.0,5.0,31500,0,1,0,1,1,0,1,0,0,0,1
2013,99000,1197.0,105.0,6.5,40500,1,0,1,0,0,1,0,1,0,1,0
2001,230000,1896.0,100.0,6.0,11900,0,1,0,1,0,1,0,1,0,1,0
2014,182000,1395.0,140.0,7.0,48900,0,1,1,0,0,1,1,0,0,0,1
2009,265800,1896.0,90.0,6.0,21999,1,0,0,1,0,1,1,0,0,1,0
2018,235000,1598.0,115.0,4.6,44800,0,1,0,1,0,1,0,0,1,0,1
2004,161000,1598.0,115.0,9.0,17900,0,1,1,0,1,0,1,0,0,0,1
2008,303400,1896.0,105.0,5.0,15900,0,1,0,1,0,1,0,1,0,0,1
2010,117000,1595.0,102.0,9.0,29900,0,1,1,0,0,1,0,1,0,1,0
2018,150000,1598.0,115.0,6.164663461538455,49900,1,0,0,1,0,1,0,0,1,0,1
2018,140000,1598.0,115.0,6.164663461538455,48900,1,0,0,1,0,1,0,0,1,0,1
2018,98100,1598.0,115.0,6.0,66900,1,0,0,1,0,1,0,0,1,0,1
2018,158900,1598.0,115.0,6.0,59900,1,0,0,1,0,1,0,0,1,0,1
2018,80400,1498.0,130.0,6.2,74900,1,0,1,0,0,1,0,0,1,1,0
2009,111000,1595.0,102.0,9.0,26500,0,1,1,0,0,1,0,1,0,1,0
2010,203000,1595.0,102.0,8.0,25999,1,0,1,0,0,1,1,0,0,1,0
2019,116000,999.0,115.0,7.190939597315435,49800,1,0,1,0,0,1,0,0,1,0,1
2011,196000,1598.0,105.0,6.164663461538455,26500,1,0,0,1,0,1,1,0,0,1,0
2009,213000,1390.0,80.0,8.0,24900,1,0,1,0,0,1,0,1,0,1,0
2000,210000,1984.0,115.0,8.0,8999,0,1,1,0,1,0,0,1,0,1,0
2020,67363,1498.0,150.0,6.928000000000002,117900,1,0,1,0,1,0,0,0,1,0,1
2020,17845,1498.0,130.0,7.190939597315435,105900,1,0,1,0,0,1,0,0,1,0,1
2017,112000,1395.0,125.0,6.3,69900,1,0,1,0,1,0,0,0,1,0,1
2001,120000,1390.0,75.0,9.0,8888,0,1,1,0,0,1,0,1,0,1,0
2011,198700,1390.0,122.0,8.2,26900,0,1,1,0,0,1,0,1,0,1,0
2017,120200,1395.0,125.0,6.0,69900,0,1,1,0,0,1,0,0,1,0,1
2007,177000,1390.0,80.0,9.0,20900,1,0,1,0,0,1,0,1,0,1,0
2015,125553,1598.0,110.0,4.5,43900,1,0,0,1,0,1,0,1,0,1,0
2000,186000,1390.0,75.0,8.0,9300,0,1,1,0,0,1,0,1,0,0,1
2010,156000,1595.0,102.0,9.0,32800,1,0,1,0,0,1,0,1,0,1,0
2017,158212,1968.0,184.0,5.3,108500,1,0,0,1,1,0,0,0,1,0,1
1982,105358,1588.0,54.0,6.164663461538455,40000,0,1,0,1,0,1,1,0,0,0,1
2023,10,1984.0,245.0,6.21623931623932,198900,1,0,1,0,1,0,1,0,0,1,0
2005,73900,1598.0,115.0,8.0,19900,0,1,1,0,0,1,1,0,0,1,0
2020,96000,999.0,115.0,5.5,55900,1,0,1,0,0,1,0,0,1,0,1
2000,307624,1896.0,90.0,6.0,6500,0,1,0,1,0,1,0,1,0,0,1
2008,289123,1896.0,105.0,6.164663461538455,17900,1,0,0,1,0,1,0,1,0,1,0
2018,190967,1498.0,130.0,7.190939597315435,58900,1,0,1,0,0,1,0,0,1,0,1
2016,84138,1395.0,125.0,7.190939597315435,59900,1,0,1,0,0,1,0,0,1,0,1
2017,86000,1598.0,90.0,4.0,54900,0,1,0,1,0,1,0,0,1,1,0
2019,152000,1598.0,115.0,6.8,52900,1,0,0,1,0,1,0,0,1,0,1
2019,153402,1598.0,115.0,6.164663461538455,55900,1,0,0,1,0,1,0,0,1,0,1
2013,130000,1395.0,122.0,6.0,49900,1,0,1,0,0,1,1,0,0,0,1
2018,220000,1598.0,115.0,6.164663461538455,55900,1,0,0,1,0,1,0,0,1,0,1
2020,69454,1498.0,150.0,6.928000000000002,104900,1,0,1,0,0,1,0,0,1,0,1
2023,1,1498.0,150.0,6.928000000000002,139000,1,0,1,0,0,1,1,0,0,1,0
2018,125100,1598.0,90.0,4.0,63900,1,0,0,1,0,1,0,0,1,0,1
2018,187649,1598.0,115.0,6.164663461538455,54900,1,0,0,1,0,1,0,0,1,0,1
2023,1,1498.0,130.0,7.190939597315435,121500,1,0,1,0,0,1,1,0,0,1,0
2012,267361,1598.0,105.0,6.164663461538455,34900,1,0,0,1,0,1,0,1,0,1,0
2012,270279,1598.0,105.0,4.6,33950,1,0,0,1,0,1,0,1,0,1,0
2020,20500,999.0,90.0,7.190939597315435,74900,0,1,1,0,0,1,1,0,0,0,1
2020,34900,1598.0,115.0,6.164663461538455,94900,1,0,0,1,0,1,0,0,1,0,1
2009,390202,1896.0,105.0,5.0,16500,0,1,0,1,0,1,0,1,0,0,1
2005,226178,1595.0,102.0,9.0,13900,0,1,1,0,0,1,0,1,0,1,0
2013,152000,1197.0,105.0,7.0,44999,0,1,1,0,0,1,1,0,0,1,0
2010,292752,1598.0,105.0,5.0,19800,0,1,0,1,0,1,0,0,1,0,1
2016,113000,1968.0,150.0,5.0,69500,0,1,0,1,1,0,0,0,1,0,1
2012,162000,1598.0,105.0,5.9,38400,1,0,0,1,0,1,0,1,0,0,1
2001,248113,1896.0,90.0,6.0,8900,1,0,0,1,0,1,0,1,0,1,0
2016,203977,1598.0,110.0,4.6,44500,0,1,0,1,0,1,0,0,1,0,1
2001,198000,1984.0,115.0,6.164663461538455,9900,1,0,1,0,1,0,0,1,0,1,0
2019,26799,1498.0,150.0,6.928000000000002,98900,1,0,1,0,1,0,0,0,1,0,1
2012,201000,1598.0,105.0,5.0,27000,0,1,0,1,0,1,1,0,0,0,1
1998,206000,1781.0,180.0,11.0,18900,0,1,1,0,0,1,0,1,0,0,1
2017,157300,1598.0,90.0,4.0,55900,1,0,0,1,0,1,0,0,1,0,1
2004,214245,1390.0,75.0,9.0,12900,0,1,1,0,0,1,1,0,0,0,1
2015,129458,1984.0,230.0,6.21623931623932,84900,1,0,1,0,1,0,0,0,1,0,1
2012,143577,1390.0,122.0,8.2,33600,1,0,1,0,0,1,0,1,0,0,1
2004,244363,1390.0,90.0,8.0,13900,1,0,1,0,0,1,0,1,0,1,0
2018,104980,1598.0,115.0,6.164663461538455,64900,1,0,0,1,0,1,0,0,1,0,1
2018,70981,999.0,110.0,7.190939597315435,59900,1,0,1,0,0,1,1,0,0,1,0
2009,245000,1390.0,160.0,8.0,21900,1,0,1,0,1,0,0,1,0,1,0
2013,234000,1968.0,150.0,5.0,49900,0,1,0,1,1,0,0,0,1,0,1
2004,200000,1390.0,75.0,9.0,15900,1,0,1,0,0,1,1,0,0,1,0
2020,58000,1498.0,150.0,6.928000000000002,122900,1,0,1,0,1,0,0,0,1,0,1
2006,243652,1390.0,90.0,8.0,12900,1,0,1,0,0,1,1,0,0,0,1
2009,170251,1390.0,80.0,8.0,27000,1,0,1,0,0,1,0,1,0,0,1
2013,300000,1968.0,140.0,5.4,38500,1,0,0,1,0,1,1,0,0,1,0
2009,216800,1968.0,110.0,6.4,20900,1,0,0,1,0,1,1,0,0,1,0
2014,224715,1598.0,110.0,4.5,44850,1,0,0,1,0,1,1,0,0,0,1
2003,368000,1968.0,140.0,6.0,11900,1,0,0,1,0,1,0,1,0,0,1
2015,239214,1598.0,110.0,4.0,38700,1,0,0,1,0,1,1,0,0,1,0
2013,126400,1395.0,122.0,6.0,46900,1,0,1,0,0,1,0,1,0,0,1
2003,220000,1390.0,75.0,9.0,9500,1,0,1,0,0,1,0,1,0,1,0
2006,279000,1896.0,105.0,6.0,18800,0,1,0,1,0,1,0,1,0,0,1
2018,70000,1984.0,245.0,8.0,106900,1,0,1,0,0,1,0,0,1,0,1
2019,140000,1598.0,115.0,6.164663461538455,44500,1,0,0,1,0,1,0,0,1,0,1
2018,226000,1598.0,115.0,6.164663461538455,51900,1,0,0,1,0,1,0,0,1,0,1
2019,91000,1598.0,115.0,6.164663461538455,48500,1,0,0,1,0,1,0,0,1,0,1
2013,229000,1968.0,150.0,5.0,37999,0,1,0,1,0,1,0,0,1,0,1
2014,115000,1197.0,105.0,6.0,42900,0,1,1,0,0,1,0,0,1,0,1
2017,53400,1395.0,125.0,6.0,75900,1,0,1,0,0,1,0,0,1,0,1
2011,273988,1598.0,105.0,5.0,25900,1,0,0,1,0,1,1,0,0,1,0
2009,190298,1968.0,110.0,6.0,29900,1,0,0,1,0,1,1,0,0,1,0
2002,228000,1595.0,102.0,11.0,9600,0,1,1,0,1,0,1,0,0,1,0
2010,160700,1390.0,122.0,7.190939597315435,29900,1,0,1,0,1,0,0,1,0,0,1
2009,228888,1968.0,140.0,5.0,27900,0,1,0,1,0,1,0,1,0,0,1
2014,179409,1968.0,184.0,5.0,73000,0,1,0,1,1,0,0,1,0,0,1
2008,200000,1896.0,90.0,6.164663461538455,17900,1,0,0,1,0,1,1,0,0,1,0
2017,144509,1395.0,149.0,7.190939597315435,69500,1,0,1,0,0,1,0,0,1,0,1
2014,236000,1968.0,150.0,5.0,49900,0,1,0,1,0,1,0,1,0,1,0
2023,10,1968.0,245.0,6.21623931623932,127800,1,0,1,0,1,0,0,0,1,1,0
2019,158458,1968.0,150.0,6.21623931623932,74900,1,0,0,1,1,0,0,1,0,0,1
2021,25040,1498.0,149.0,7.190939597315435,129900,1,0,1,0,1,0,0,0,1,0,1
2008,248000,1896.0,105.0,6.7,19900,1,0,0,1,0,1,1,0,0,1,0
2017,156000,1968.0,150.0,5.1,64900,1,0,0,1,1,0,1,0,0,0,1
2006,174500,1390.0,75.0,9.0,11500,1,0,1,0,0,1,0,1,0,1,0
2017,124291,1598.0,90.0,4.0,56900,1,0,0,1,0,1,0,0,1,0,1
2017,140310,1598.0,115.0,6.164663461538455,50900,1,0,0,1,0,1,1,0,0,0,1
2018,149578,999.0,110.0,6.0,45900,1,0,1,0,0,1,0,0,1,0,1
2018,174000,1598.0,115.0,4.0,63999,0,1,0,1,1,0,0,1,0,1,0
2014,111171,1395.0,140.0,7.190939597315435,59900,1,0,1,0,1,0,0,0,1,0,1
2009,171000,1595.0,102.0,6.164663461538455,22900,1,0,1,0,0,1,0,1,0,1,0
2020,41899,1498.0,130.0,7.190939597315435,95000,0,1,1,0,0,1,1,0,0,0,1
2016,76080,1395.0,150.0,6.0,71999,1,0,1,0,0,1,0,0,1,0,1
2012,197000,1197.0,105.0,5.9,27999,0,1,1,0,0,1,1,0,0,0,1
2022,16125,1498.0,150.0,6.928000000000002,119200,1,0,1,0,0,1,0,0,1,0,1
2016,121937,1395.0,125.0,7.190939597315435,58900,1,0,1,0,0,1,0,0,1,0,1
2017,109500,1395.0,125.0,6.0,67900,0,1,1,0,0,1,0,0,1,0,1
2013,222450,1598.0,105.0,4.6,35490,0,1,0,1,0,1,0,1,0,1,0
2017,103217,1395.0,125.0,7.190939597315435,79800,1,0,1,0,0,1,0,1,0,0,1
2017,180200,1598.0,110.0,6.164663461538455,46900,1,0,0,1,0,1,1,0,0,1,0
2021,32000,1968.0,200.0,6.21623931623932,189000,0,1,0,1,1,0,0,1,0,0,1
2003,148600,1598.0,105.0,6.164663461538455,12999,1,0,1,0,0,1,0,1,0,1,0
2012,84000,1197.0,105.0,6.0,32800,1,0,1,0,0,1,0,0,1,0,1
2018,119700,1498.0,150.0,6.928000000000002,82900,0,1,1,0,0,1,0,0,1,1,0
2018,65762,1598.0,115.0,6.164663461538455,64900,1,0,0,1,0,1,0,0,1,0,1
2018,67696,1598.0,115.0,6.164663461538455,64900,1,0,0,1,0,1,0,0,1,0,1
2018,146800,1598.0,115.0,6.164663461538455,51500,0,1,0,1,0,1,0,0,1,0,1
2002,330331,1896.0,101.0,6.164663461538455,7500,1,0,0,1,0,1,0,1,0,0,1
1999,346213,1390.0,75.0,7.190939597315435,3900,1,0,1,0,0,1,0,1,0,0,1
1998,167398,1390.0,75.0,7.190939597315435,6900,1,0,1,0,0,1,0,1,0,0,1
2009,151000,1390.0,80.0,7.190939597315435,28900,1,0,1,0,0,1,0,1,0,1,0
2019,105147,999.0,115.0,5.6,62900,1,0,1,0,0,1,0,0,1,0,1
2005,162000,1390.0,75.0,8.0,14200,0,1,1,0,0,1,0,1,0,1,0
2019,65941,1984.0,245.0,8.2,127900,1,0,1,0,1,0,1,0,0,0,1
2004,209000,1595.0,102.0,8.8,14500,1,0,1,0,1,0,1,0,0,0,1
2001,230000,1896.0,90.0,5.0,10300,0,1,0,1,0,1,0,1,0,1,0
2018,101061,1598.0,115.0,6.164663461538455,58700,1,0,0,1,0,1,0,0,1,1,0
2014,220113,1598.0,110.0,6.164663461538455,39900,1,0,0,1,0,1,0,0,1,0,1
2019,178320,1598.0,115.0,6.164663461538455,59900,1,0,0,1,0,1,0,0,1,1,0
2019,116740,1498.0,110.0,7.190939597315435,69900,1,0,1,0,0,1,0,0,1,1,0
2009,181000,1390.0,80.0,7.190939597315435,23900,1,0,1,0,0,1,0,1,0,1,0
2018,60145,1498.0,130.0,7.190939597315435,75200,1,0,1,0,0,1,0,0,1,0,1
2003,175000,1390.0,75.0,7.190939597315435,10700,0,1,1,0,0,1,0,1,0,0,1
2018,83396,1390.0,125.0,7.190939597315435,78900,1,0,1,0,0,1,1,0,0,1,0
2019,102122,1598.0,115.0,6.164663461538455,68000,1,0,0,1,0,1,0,0,1,0,1
2009,176000,1595.0,102.0,9.0,27900,0,1,1,0,0,1,0,1,0,0,1
2011,106977,1390.0,160.0,8.0,38000,0,1,1,0,0,1,0,1,0,0,1
2023,5,1498.0,130.0,7.190939597315435,127200,1,0,1,0,0,1,0,0,1,1,0
2023,5,1984.0,245.0,6.21623931623932,191500,1,0,1,0,1,0,0,0,1,1,0
2023,5,1498.0,150.0,6.928000000000002,122800,1,0,1,0,0,1,0,0,1,1,0
2019,147099,1968.0,150.0,6.21623931623932,78900,1,0,0,1,1,0,0,1,0,0,1
2019,100803,999.0,115.0,7.190939597315435,56800,1,0,1,0,0,1,0,0,1,0,1
2019,147000,1598.0,115.0,4.0,67900,0,1,0,1,1,0,0,0,1,0,1
2013,145370,1197.0,105.0,6.0,41800,0,1,1,0,0,1,0,1,0,1,0
2017,103699,1498.0,150.0,6.928000000000002,82000,0,1,1,0,1,0,0,0,1,0,1
2018,117013,1598.0,115.0,6.164663461538455,62500,1,0,0,1,0,1,1,0,0,0,1
2017,98404,1395.0,125.0,7.190939597315435,69499,1,0,1,0,0,1,1,0,0,0,1
2017,127388,1598.0,90.0,6.164663461538455,59500,1,0,0,1,0,1,1,0,0,0,1
2016,105311,1598.0,110.0,6.164663461538455,49000,1,0,0,1,0,1,1,0,0,0,1
1992,223334,1595.0,70.0,6.164663461538455,12500,0,1,1,0,1,0,0,1,0,1,0
2018,124218,1598.0,115.0,6.164663461538455,59800,1,0,0,1,0,1,1,0,0,0,1
2007,291681,1984.0,200.0,11.0,25500,0,1,1,0,0,1,1,0,0,0,1
2009,219000,1968.0,110.0,6.0,27500,1,0,0,1,0,1,0,1,0,1,0
2020,97771,1598.0,115.0,6.164663461538455,77900,1,0,0,1,0,1,0,1,0,0,1
2007,199000,1390.0,80.0,7.190939597315435,17750,1,0,1,0,0,1,1,0,0,1,0
2002,196153,1390.0,75.0,7.190939597315435,9399,0,1,1,0,0,1,0,1,0,1,0
2018,177969,1598.0,115.0,6.164663461538455,62700,1,0,0,1,0,1,0,0,1,0,1
2008,191334,1896.0,105.0,6.0,18600,1,0,0,1,0,1,1,0,0,1,0
1991,417397,1595.0,70.0,6.164663461538455,3000,0,1,1,0,0,1,0,1,0,1,0
2004,208000,1896.0,105.0,6.0,15900,1,0,0,1,0,1,0,1,0,1,0
1999,279500,1595.0,100.0,6.164663461538455,5100,0,1,1,0,0,1,0,1,0,0,1
2009,190450,1595.0,102.0,9.0,25000,0,1,1,0,0,1,1,0,0,0,1
2010,206500,1595.0,102.0,9.0,27500,0,1,1,0,0,1,1,0,0,1,0
2013,119500,1984.0,230.0,7.8,71900,0,1,1,0,0,1,1,0,0,1,0
2003,256249,1896.0,100.0,6.0,8500,0,1,0,1,0,1,1,0,0,0,1
2015,197000,1395.0,125.0,6.0,43050,0,1,1,0,1,0,0,0,1,0,1
2008,116399,1390.0,160.0,8.4,24499,0,1,1,0,0,1,1,0,0,0,1
2018,119000,1598.0,115.0,4.0,51990,0,1,0,1,0,1,0,0,1,0,1
2012,89000,1598.0,105.0,5.0,35900,0,1,0,1,0,1,1,0,0,1,0
2015,217000,1968.0,184.0,5.0,66900,0,1,0,1,1,0,0,1,0,1,0
2011,180197,1197.0,85.0,7.1,25900,0,1,1,0,0,1,0,1,0,1,0
2002,219170,3189.0,241.0,16.0,52500,1,0,1,0,0,1,1,0,0,0,1
2007,259205,1984.0,200.0,11.0,20000,0,1,1,0,0,1,1,0,0,0,1
2007,211000,1595.0,102.0,6.164663461538455,17900,1,0,1,0,0,1,1,0,0,0,1
2018,208000,999.0,110.0,5.0,52900,1,0,1,0,1,0,0,0,1,0,1
2009,236000,1896.0,105.0,5.0,15500,0,1,0,1,0,1,0,1,0,0,1
2013,111500,1395.0,122.0,6.0,58500,0,1,1,0,0,1,1,0,0,0,1
2018,134737,1968.0,184.0,5.3,109900,1,0,0,1,1,0,0,1,0,0,1
2017,219000,1395.0,125.0,6.8,55900,0,1,1,0,0,1,0,0,1,0,1
2014,200000,1968.0,150.0,5.0,44900,0,1,0,1,0,1,0,0,1,0,1
2011,192000,1598.0,105.0,5.0,23900,1,0,0,1,0,1,0,0,1,0,1
2014,215000,1968.0,150.0,7.0,42000,0,1,0,1,1,0,0,1,0,0,1
2016,206100,1598.0,90.0,4.0,40590,0,1,0,1,0,1,1,0,0,1,0
2011,234000,1598.0,105.0,6.164663461538455,24999,1,0,0,1,0,1,0,1,0,0,1
2012,140000,1390.0,80.0,8.0,29999,0,1,1,0,0,1,0,1,0,1,0
2019,88000,1498.0,130.0,7.190939597315435,69900,1,0,1,0,0,1,0,0,1,1,0
2015,114000,1968.0,184.0,5.5,76700,1,0,0,1,0,1,0,1,0,0,1
2015,234000,1598.0,105.0,4.9,34500,0,1,0,1,0,1,0,0,1,0,1
2009,188650,1595.0,102.0,6.164663461538455,22500,1,0,1,0,0,1,0,1,0,0,1
2006,234000,1390.0,75.0,7.190939597315435,15700,1,0,1,0,0,1,0,1,0,0,1
2015,141050,1598.0,110.0,4.6,44900,0,1,0,1,0,1,0,0,1,0,1
2014,215000,1598.0,105.0,4.6,35300,0,1,0,1,0,1,0,0,1,0,1
2015,111300,1395.0,122.0,6.0,60885,0,1,1,0,1,0,0,0,1,1,0
2016,181653,1598.0,110.0,6.164663461538455,45900,1,0,0,1,0,1,1,0,0,0,1
2017,186000,1968.0,184.0,5.0,86900,0,1,0,1,0,1,0,1,0,1,0
2015,216000,1598.0,110.0,6.164663461538455,49999,1,0,0,1,0,1,0,1,0,0,1
2002,290000,1896.0,130.0,7.0,8000,0,1,0,1,0,1,1,0,0,0,1
1999,291000,1896.0,110.0,6.0,4700,0,1,0,1,0,1,1,0,0,0,1
2011,180000,1390.0,122.0,8.3,28990,1,0,1,0,0,1,0,0,1,0,1
2014,224500,1968.0,150.0,5.0,38000,0,1,0,1,0,1,0,0,1,0,1
2019,69500,1598.0,115.0,6.164663461538455,66798,0,1,0,1,0,1,0,0,1,0,1
2016,101568,1395.0,125.0,6.0,62000,1,0,1,0,0,1,0,0,1,0,1
2008,221119,1398.0,122.0,7.190939597315435,24400,1,0,1,0,1,0,1,0,0,0,1
2013,221807,1197.0,110.0,7.190939597315435,38000,1,0,1,0,0,1,1,0,0,0,1
2015,134383,1197.0,86.0,7.190939597315435,45000,1,0,1,0,0,1,1,0,0,0,1
2016,171980,1598.0,110.0,4.5,51900,0,1,0,1,0,1,0,0,1,0,1
2021,23870,1968.0,150.0,5.2,144999,1,0,0,1,1,0,0,0,1,0,1
2020,76200,999.0,110.0,7.190939597315435,102900,1,0,1,0,0,1,0,0,1,0,1
2018,130000,1600.0,115.0,6.164663461538455,56900,1,0,0,1,0,1,0,0,1,0,1
2018,124000,1600.0,115.0,6.164663461538455,69900,1,0,0,1,1,0,0,0,1,0,1
1985,149000,1781.0,90.0,11.0,28800,0,1,1,0,0,1,1,0,0,0,1
2007,195500,1896.0,105.0,6.0,20500,0,1,0,1,0,1,0,1,0,1,0
2017,184000,1968.0,150.0,5.1,67900,1,0,0,1,1,0,0,1,0,0,1
2004,228000,1896.0,105.0,6.0,11850,0,1,0,1,0,1,1,0,0,1,0
2015,103941,1197.0,110.0,5.0,54900,1,0,1,0,1,0,1,0,0,0,1
2012,240831,1598.0,105.0,5.0,25900,1,0,0,1,0,1,0,0,1,0,1
2018,107000,999.0,110.0,5.9,61900,1,0,1,0,0,1,0,0,1,0,1
2010,196000,1390.0,80.0,8.0,25990,1,0,1,0,0,1,1,0,0,0,1
2009,136000,1390.0,80.0,8.0,29999,1,0,1,0,0,1,0,1,0,1,0
2009,178000,1390.0,80.0,8.0,19900,0,1,1,0,0,1,0,1,0,1,0
2022,1,1498.0,130.0,7.190939597315435,123000,1,0,1,0,1,0,1,0,0,1,0
2020,60000,1598.0,115.0,6.164663461538455,64800,0,1,0,1,0,1,0,0,1,0,1
2018,88758,1984.0,245.0,6.21623931623932,106900,1,0,1,0,1,0,0,0,1,0,1
2019,149900,1600.0,115.0,6.164663461538455,59900,1,0,0,1,0,1,0,0,1,0,1
2019,38066,1498.0,130.0,7.190939597315435,82900,1,0,1,0,0,1,0,0,1,0,1
2006,168800,1390.0,75.0,9.0,15000,0,1,1,0,0,1,0,1,0,0,1
2018,129000,1598.0,115.0,4.6,59900,1,0,0,1,0,1,0,0,1,0,1
2011,247000,1598.0,105.0,6.0,24500,0,1,0,1,0,1,0,1,0,0,1
2015,170081,1395.0,125.0,7.190939597315435,49900,1,0,1,0,0,1,0,1,0,1,0
2008,216000,1968.0,140.0,7.0,20900,1,0,0,1,0,1,0,1,0,1,0
2009,243711,1390.0,80.0,8.0,23000,1,0,1,0,0,1,0,1,0,0,1
2018,94000,1598.0,115.0,6.164663461538455,61900,1,0,0,1,1,0,0,0,1,0,1
2019,152000,1498.0,150.0,6.928000000000002,68900,1,0,1,0,1,0,0,0,1,0,1
2017,118800,1400.0,125.0,7.190939597315435,66600,1,0,1,0,0,1,0,0,1,0,1
2019,179575,1598.0,115.0,6.164663461538455,70000,1,0,0,1,1,0,0,0,1,0,1
2009,200000,1595.0,102.0,9.0,27999,1,0,1,0,0,1,1,0,0,0,1
2018,34000,999.0,86.0,5.0,71500,1,0,1,0,0,1,0,0,1,0,1
2015,245410,1968.0,150.0,5.0,43900,0,1,0,1,0,1,0,0,1,0,1
2017,100600,1598.0,90.0,4.0,59999,1,0,0,1,0,1,0,0,1,0,1
2015,78000,1984.0,230.0,8.0,90000,0,1,1,0,1,0,1,0,0,0,1
2000,194000,1390.0,75.0,7.0,5999,0,1,1,0,0,1,0,1,0,1,0
1999,241620,1390.0,75.0,7.190939597315435,5900,0,1,1,0,0,1,0,1,0,1,0
2018,86900,1395.0,150.0,6.0,86900,1,0,1,0,1,0,0,0,1,0,1
2009,104595,1390.0,80.0,7.190939597315435,25900,1,0,1,0,0,1,1,0,0,1,0
2010,161647,1598.0,105.0,5.7,27500,0,1,0,1,0,1,0,1,0,0,1
2010,249000,1390.0,160.0,6.928000000000002,24900,1,0,1,0,0,1,0,1,0,1,0
2022,5,1498.0,130.0,7.190939597315435,122850,1,0,1,0,0,1,1,0,0,1,0
2007,204365,1390.0,122.0,7.190939597315435,17600,1,0,1,0,0,1,0,1,0,1,0
2016,78800,1984.0,230.0,8.0,98400,0,1,1,0,1,0,0,0,1,0,1
2022,1,1498.0,150.0,6.928000000000002,151900,1,0,1,0,1,0,0,0,1,1,0
2023,1,1498.0,150.0,6.928000000000002,141900,1,0,1,0,1,0,0,0,1,1,0
2023,1,1498.0,150.0,6.928000000000002,138900,1,0,1,0,1,0,0,0,1,1,0
2019,67789,1598.0,115.0,6.164663461538455,65900,1,0,0,1,0,1,0,0,1,1,0
2017,108000,1000.0,110.0,7.190939597315435,50900,1,0,1,0,0,1,1,0,0,1,0
2016,58000,1197.0,110.0,6.0,57000,0,1,1,0,0,1,0,0,1,0,1
2002,220000,1896.0,100.0,6.164663461538455,10999,1,0,0,1,0,1,0,1,0,1,0
2017,199000,1598.0,115.0,6.0,44500,1,0,0,1,0,1,0,0,1,0,1
2011,306235,1598.0,105.0,5.0,19500,0,1,0,1,0,1,1,0,0,0,1
2019,110175,1498.0,150.0,6.928000000000002,69900,1,0,1,0,0,1,0,0,1,0,1
2022,22927,1498.0,150.0,6.928000000000002,159900,1,0,1,0,1,0,0,0,1,0,1
2023,8,999.0,110.0,7.190939597315435,108900,1,0,1,0,0,1,0,0,1,1,0
1998,350000,1390.0,75.0,8.0,2900,1,0,1,0,0,1,1,0,0,0,1
2017,134200,1968.0,150.0,5.1,74900,1,0,0,1,1,0,1,0,0,0,1
2023,8,999.0,90.0,7.190939597315435,102900,1,0,1,0,0,1,0,0,1,1,0
2023,1,1984.0,245.0,6.21623931623932,189900,1,0,1,0,1,0,0,0,1,1,0
2008,221582,1390.0,122.0,8.0,16500,1,0,1,0,0,1,0,1,0,1,0
2023,1,1500.0,150.0,6.21623931623932,134570,1,0,1,0,0,1,0,0,1,1,0
2005,240000,1984.0,200.0,11.0,26900,1,0,1,0,0,1,1,0,0,1,0
2019,126696,1598.0,115.0,6.164663461538455,79900,1,0,0,1,1,0,0,0,1,0,1
2010,180000,1390.0,140.0,7.190939597315435,26900,0,1,1,0,0,1,0,1,0,1,0
1999,200000,1896.0,90.0,6.0,4700,0,1,0,1,0,1,1,0,0,0,1
2022,5,1498.0,149.0,7.190939597315435,126000,1,0,1,0,0,1,0,0,1,1,0
2021,5,1498.0,150.0,6.928000000000002,149020,1,0,1,0,0,1,1,0,0,1,0
2003,270000,1896.0,68.0,6.0,14000,0,1,0,1,0,1,1,0,0,0,1
1998,192000,1595.0,100.0,9.0,5999,0,1,1,0,0,1,0,0,1,0,1
2007,218556,1390.0,80.0,9.0,14999,1,0,1,0,0,1,0,1,0,1,0
2017,116579,1395.0,125.0,7.190939597315435,69900,1,0,1,0,0,1,0,0,1,0,1
2017,172051,1395.0,125.0,6.0,45000,0,1,1,0,1,0,0,0,1,0,1
2023,1,1984.0,190.0,6.21623931623932,159350,1,0,1,0,1,0,0,0,1,1,0
2020,43282,1498.0,130.0,7.190939597315435,97900,1,0,1,0,0,1,1,0,0,0,1
2019,79000,1598.0,115.0,4.6,69900,1,0,0,1,0,1,0,0,1,0,1
2009,278000,1896.0,105.0,5.0,17100,0,1,0,1,0,1,1,0,0,0,1
2018,52966,1984.0,245.0,6.21623931623932,106900,1,0,1,0,0,1,0,0,1,0,1
1999,162000,1984.0,115.0,11.0,8900,1,0,1,0,0,1,0,1,0,1,0
2011,240860,1390.0,122.0,8.0,25830,0,1,1,0,0,1,0,1,0,0,1
2020,43000,1498.0,150.0,5.8,118900,0,1,1,0,1,0,0,0,1,0,1
2014,141500,1598.0,110.0,4.5,48800,0,1,0,1,1,0,0,1,0,0,1
2023,1,999.0,90.0,7.190939597315435,110900,1,0,1,0,0,1,0,0,1,1,0
2017,112450,1598.0,115.0,6.164663461538455,57900,1,0,0,1,0,1,0,0,1,0,1
2023,0,1498.0,130.0,7.190939597315435,132010,1,0,1,0,0,1,0,0,1,1,0
2023,0,1984.0,245.0,6.21623931623932,185950,1,0,1,0,1,0,0,0,1,1,0
2016,122000,1968.0,150.0,5.0,56900,0,1,0,1,0,1,0,1,0,0,1
1991,306000,1984.0,115.0,6.164663461538455,9900,0,1,1,0,0,1,1,0,0,0,1
2000,300000,1595.0,100.0,9.0,6500,1,0,1,0,0,1,0,1,0,0,1
2013,240000,1598.0,105.0,4.6,38500,1,0,0,1,0,1,0,1,0,1,0
2023,0,1498.0,150.0,6.928000000000002,137240,1,0,1,0,0,1,0,0,1,1,0
2008,246200,1968.0,140.0,6.0,21900,1,0,0,1,0,1,1,0,0,1,0
2019,185000,1598.0,115.0,6.164663461538455,53500,0,1,0,1,0,1,0,0,1,0,1
2002,252892,1598.0,110.0,6.164663461538455,8600,1,0,1,0,0,1,0,1,0,0,1
2019,105800,1598.0,115.0,6.164663461538455,73900,1,0,0,1,0,1,0,0,1,0,1
2006,161000,1390.0,170.0,9.0,23800,1,0,1,0,0,1,0,1,0,1,0
2018,81500,1984.0,245.0,6.21623931623932,118799,1,0,1,0,1,0,0,0,1,0,1
2018,152109,1598.0,115.0,6.164663461538455,59700,1,0,0,1,1,0,1,0,0,1,0
2005,187000,1390.0,75.0,9.0,10900,1,0,1,0,0,1,0,1,0,1,0
2020,19459,999.0,110.0,7.190939597315435,92900,1,0,1,0,0,1,0,0,1,0,1
2014,178000,1395.0,140.0,6.1,46900,0,1,1,0,1,0,1,0,0,0,1
2020,50268,1498.0,150.0,6.928000000000002,116900,1,0,1,0,1,0,0,0,1,0,1
2011,139000,1197.0,105.0,7.0,29900,0,1,1,0,1,0,0,1,0,1,0
2019,76575,1598.0,115.0,6.164663461538455,71900,1,0,0,1,0,1,0,1,0,0,1
2015,145287,1197.0,105.0,5.0,44500,0,1,1,0,0,1,0,0,1,0,1
2011,212957,1598.0,105.0,5.0,25000,1,0,0,1,0,1,0,1,0,0,1
2009,165000,1395.0,122.0,6.0,31900,1,0,1,0,1,0,1,0,0,1,0
2019,49500,1984.0,290.0,8.3,145000,1,0,1,0,1,0,0,0,1,0,1
2019,62500,1498.0,150.0,6.0,92500,0,1,1,0,0,1,0,0,1,0,1
2013,225000,1598.0,105.0,5.6,39900,1,0,0,1,0,1,1,0,0,1,0
2019,115500,1598.0,115.0,6.164663461538455,61893,1,0,0,1,0,1,0,0,1,0,1
2015,187614,1968.0,150.0,5.1,48900,1,0,0,1,0,1,0,1,0,1,0
2013,137000,1598.0,105.0,6.164663461538455,43800,1,0,0,1,0,1,0,1,0,0,1
2016,114090,1395.0,125.0,6.0,64999,1,0,1,0,0,1,0,0,1,0,1
2018,117000,1598.0,115.0,6.164663461538455,63900,1,0,0,1,0,1,0,0,1,0,1
2022,1,999.0,110.0,7.190939597315435,128500,1,0,1,0,0,1,1,0,0,1,0
2020,125510,999.0,110.0,7.190939597315435,78800,1,0,1,0,0,1,0,0,1,0,1
2018,169000,1498.0,130.0,6.1,69900,0,1,1,0,1,0,0,1,0,1,0
2022,1,1498.0,150.0,6.928000000000002,151000,1,0,1,0,0,1,1,0,0,1,0
2015,250000,1598.0,105.0,6.164663461538455,39900,1,0,0,1,0,1,1,0,0,1,0
2014,154000,1395.0,122.0,6.0,47900,0,1,1,0,0,1,0,0,1,0,1
2010,164000,1598.0,105.0,5.0,25900,0,1,0,1,0,1,0,0,1,0,1
2019,38515,1498.0,130.0,6.6,79900,0,1,1,0,0,1,1,0,0,0,1
2015,241000,1968.0,150.0,5.0,46900,1,0,0,1,0,1,1,0,0,1,0
2023,0,999.0,110.0,7.190939597315435,126030,1,0,1,0,1,0,0,0,1,1,0
2023,0,999.0,110.0,7.190939597315435,126030,1,0,1,0,1,0,0,0,1,1,0
2019,82463,1600.0,115.0,6.164663461538455,64900,1,0,0,1,0,1,0,0,1,0,1
2017,111600,1400.0,125.0,7.190939597315435,67600,1,0,1,0,0,1,0,0,1,0,1
2022,1,1498.0,150.0,6.928000000000002,112590,1,0,1,0,0,1,1,0,0,1,0
2022,1,1498.0,150.0,6.928000000000002,112590,1,0,1,0,0,1,1,0,0,1,0
2022,1,1498.0,150.0,6.928000000000002,112590,1,0,1,0,0,1,1,0,0,1,0
2018,112818,1598.0,115.0,6.164663461538455,70900,1,0,0,1,0,1,0,0,1,0,1
2009,170000,1390.0,122.0,8.0,25650,0,1,1,0,0,1,0,1,0,1,0
2007,329000,1896.0,105.0,6.0,11800,0,1,0,1,0,1,0,0,1,0,1
2020,138000,1598.0,115.0,6.164663461538455,74700,0,1,0,1,0,1,0,0,1,0,1
2018,125000,1600.0,116.0,6.164663461538455,54900,1,0,0,1,0,1,0,0,1,0,1
2017,185000,1598.0,115.0,4.6,48900,0,1,0,1,0,1,0,0,1,0,1
2015,94210,1197.0,110.0,7.190939597315435,42900,1,0,1,0,0,1,0,0,1,0,1
2008,200000,1390.0,122.0,8.0,22700,0,1,1,0,0,1,0,1,0,1,0
2018,155581,1598.0,115.0,6.164663461538455,55900,1,0,0,1,0,1,1,0,0,1,0
2023,1,1498.0,150.0,6.928000000000002,151100,1,0,1,0,1,0,0,0,1,1,0
2017,92000,1598.0,90.0,4.0,53900,0,1,0,1,0,1,0,0,1,1,0
2020,79000,1498.0,130.0,7.190939597315435,100000,0,1,1,0,0,1,0,0,1,0,1
2018,60322,1598.0,115.0,6.164663461538455,54900,1,0,0,1,0,1,1,0,0,1,0
2014,190000,1968.0,184.0,7.0,65000,0,1,0,1,1,0,0,1,0,1,0
2018,214000,1598.0,116.0,6.164663461538455,47900,1,0,0,1,0,1,0,0,1,0,1
2014,288000,1598.0,105.0,5.0,35990,0,1,0,1,0,1,1,0,0,0,1
2019,49109,1984.0,290.0,8.975000000000001,144900,1,0,1,0,1,0,0,1,0,0,1
2023,1,1984.0,245.0,6.21623931623932,183900,1,0,1,0,1,0,0,0,1,1,0
2023,1,1984.0,245.0,6.21623931623932,196900,1,0,1,0,1,0,0,0,1,1,0
2023,1,1498.0,150.0,6.928000000000002,131900,1,0,1,0,0,1,0,0,1,1,0
2023,1,1498.0,150.0,6.928000000000002,149900,1,0,1,0,1,0,0,0,1,1,0
2023,1,1498.0,150.0,6.928000000000002,143900,1,0,1,0,1,0,0,0,1,1,0
2023,1,1968.0,150.0,6.21623931623932,139900,1,0,0,1,0,1,0,0,1,1,0
2023,1,1498.0,150.0,6.928000000000002,146900,1,0,1,0,1,0,0,0,1,1,0
2022,5,999.0,110.0,7.190939597315435,114900,1,0,1,0,0,1,1,0,0,1,0
2020,54997,1984.0,245.0,6.21623931623932,163000,1,0,1,0,1,0,0,0,1,0,1
2005,280177,1390.0,75.0,9.0,13499,0,1,1,0,0,1,0,1,0,0,1
2018,84155,1598.0,115.0,6.164663461538455,57000,1,0,0,1,0,1,1,0,0,0,1
2018,108000,999.0,110.0,6.0,52900,1,0,1,0,0,1,0,0,1,0,1
2017,94000,1984.0,245.0,6.21623931623932,103999,1,0,1,0,1,0,0,0,1,0,1
2018,147183,1598.0,115.0,6.164663461538455,55000,1,0,0,1,0,1,0,0,1,0,1
2004,153000,1390.0,75.0,7.190939597315435,13900,1,0,1,0,0,1,0,1,0,1,0
2022,1,1498.0,150.0,6.928000000000002,134060,1,0,1,0,1,0,1,0,0,1,0
2017,100592,1598.0,115.0,6.164663461538455,63000,1,0,0,1,0,1,1,0,0,0,1
2018,92157,1598.0,115.0,6.164663461538455,64000,1,0,0,1,0,1,1,0,0,0,1
2015,118719,1395.0,125.0,7.190939597315435,49000,1,0,1,0,0,1,1,0,0,0,1
2017,131655,1598.0,90.0,6.164663461538455,53499,1,0,0,1,0,1,1,0,0,0,1
2018,157973,1598.0,116.0,6.164663461538455,64499,1,0,0,1,0,1,1,0,0,0,1
2016,118673,1598.0,110.0,6.164663461538455,48000,1,0,0,1,0,1,1,0,0,0,1
2016,143070,1598.0,110.0,6.164663461538455,55500,1,0,0,1,0,1,1,0,0,0,1
2016,126411,1598.0,110.0,6.164663461538455,48000,1,0,0,1,0,1,1,0,0,0,1
2017,71196,1598.0,90.0,6.164663461538455,59500,1,0,0,1,0,1,1,0,0,0,1
2017,89290,1598.0,115.0,6.164663461538455,65000,1,0,0,1,0,1,1,0,0,0,1
1998,185439,1390.0,75.0,8.0,6490,0,1,1,0,0,1,0,1,0,1,0
2007,228000,1390.0,80.0,8.5,11300,1,0,1,0,0,1,0,1,0,1,0
2016,150854,1598.0,110.0,6.164663461538455,48499,1,0,0,1,0,1,1,0,0,0,1
2023,7,1984.0,245.0,6.21623931623932,205660,1,0,1,0,1,0,0,0,1,1,0
2017,108946,1395.0,125.0,7.190939597315435,64499,1,0,1,0,0,1,1,0,0,0,1
2017,119503,1968.0,150.0,6.21623931623932,74100,1,0,0,1,0,1,1,0,0,0,1
2009,222000,1896.0,105.0,6.5,21900,0,1,0,1,1,0,0,1,0,1,0
2019,99800,1598.0,115.0,6.164663461538455,59800,1,0,0,1,0,1,0,0,1,0,1
2006,149341,1598.0,115.0,6.164663461538455,19999,1,0,1,0,1,0,1,0,0,0,1
2017,136964,1598.0,115.0,6.164663461538455,51000,1,0,0,1,0,1,0,0,1,0,1
2017,78000,1197.0,86.0,6.0,47000,0,1,1,0,0,1,1,0,0,0,1
2017,171947,1598.0,90.0,6.164663461538455,47999,1,0,0,1,0,1,0,0,1,0,1
2020,3599,1498.0,130.0,7.190939597315435,114900,0,1,1,0,0,1,0,0,1,0,1
2018,148498,1598.0,115.0,6.164663461538455,53000,1,0,0,1,0,1,0,0,1,0,1
2004,222032,1390.0,90.0,8.0,13700,0,1,1,0,0,1,0,1,0,0,1
2018,184378,1598.0,115.0,6.164663461538455,50000,1,0,0,1,0,1,0,0,1,0,1
2019,90000,1598.0,115.0,6.8,57900,1,0,0,1,0,1,0,0,1,0,1
2010,197000,1598.0,105.0,5.0,30900,0,1,0,1,1,0,0,1,0,1,0
2011,333232,1598.0,105.0,5.0,23000,1,0,0,1,0,1,0,0,1,0,1
2013,239000,1968.0,150.0,5.0,42999,0,1,0,1,0,1,0,1,0,1,0
2009,187000,1968.0,110.0,8.0,27800,0,1,0,1,0,1,0,1,0,1,0
2012,187000,1968.0,140.0,6.164663461538455,34900,0,1,0,1,0,1,0,1,0,0,1
2000,260474,1595.0,102.0,6.164663461538455,10800,0,1,1,0,0,1,0,1,0,1,0
2006,270584,1896.0,90.0,6.0,19900,0,1,0,1,0,1,0,1,0,1,0
2016,148901,1395.0,125.0,6.8,54858,0,1,1,0,0,1,1,0,0,0,1
2018,129550,1598.0,115.0,6.164663461538455,56400,0,1,0,1,0,1,1,0,0,0,1
2011,147000,1598.0,105.0,5.0,28000,0,1,0,1,0,1,1,0,0,0,1
2017,113000,1598.0,115.0,4.6,57900,0,1,0,1,0,1,0,0,1,0,1
2017,209000,1968.0,150.0,6.21623931623932,61999,0,1,0,1,1,0,0,1,0,0,1
2006,309000,1984.0,200.0,11.0,24400,0,1,1,0,0,1,1,0,0,0,1
2015,220000,1968.0,150.0,5.2,59500,0,1,0,1,1,0,0,1,0,0,1
2014,183000,1598.0,105.0,6.164663461538455,43500,0,1,0,1,0,1,1,0,0,0,1
2009,186567,1390.0,80.0,8.5,24900,1,0,1,0,0,1,0,1,0,1,0
2007,280000,1896.0,105.0,6.0,14900,0,1,0,1,0,1,1,0,0,0,1
2009,259300,1968.0,110.0,6.0,24500,0,1,0,1,0,1,1,0,0,0,1
2010,141000,1598.0,105.0,5.7,27000,0,1,0,1,0,1,1,0,0,1,0
2013,158000,1395.0,140.0,6.0,36199,0,1,1,0,0,1,0,1,0,1,0
2016,106000,1395.0,125.0,6.0,60000,0,1,1,0,0,1,0,0,1,0,1
2017,80390,1598.0,115.0,6.164663461538455,67999,1,0,0,1,0,1,0,0,1,0,1
2013,148000,1395.0,122.0,6.0,43900,0,1,1,0,0,1,0,1,0,1,0
2020,28000,1498.0,150.0,6.928000000000002,110000,0,1,1,0,1,0,0,0,1,0,1
2013,120800,1197.0,105.0,5.9,40000,0,1,1,0,0,1,0,0,1,0,1
2017,38000,1395.0,125.0,6.8,78000,0,1,1,0,0,1,0,0,1,0,1
1982,130000,1085.0,50.0,6.5994800524386905,46900,0,1,1,0,0,1,0,1,0,0,1
2005,163500,1390.0,75.0,9.0,11500,0,1,1,0,0,1,0,1,0,0,1
2012,190000,1390.0,122.0,7.190939597315435,27900,1,0,1,0,0,1,0,1,0,0,1
2016,139000,1598.0,110.0,4.0,42500,0,1,0,1,0,1,0,1,0,0,1
2019,136721,1968.0,150.0,5.1,74800,1,0,0,1,0,1,0,0,1,0,1
2018,193400,1395.0,125.0,6.0,57700,0,1,1,0,1,0,0,0,1,0,1
2019,96016,1598.0,115.0,6.164663461538455,72900,1,0,0,1,0,1,0,0,1,0,1
2018,21289,999.0,110.0,7.190939597315435,87700,1,0,1,0,0,1,0,0,1,0,1
2016,48870,1197.0,110.0,6.0,55900,0,1,1,0,0,1,0,0,1,0,1
2008,142000,1390.0,80.0,7.190939597315435,22900,1,0,1,0,0,1,0,1,0,1,0
2015,79380,1197.0,110.0,5.9,48900,1,0,1,0,1,0,0,1,0,1,0
2014,239000,1598.0,110.0,4.0,37990,1,0,0,1,0,1,0,1,0,1,0
2018,147623,1395.0,125.0,7.190939597315435,74900,1,0,1,0,1,0,0,0,1,0,1
2021,16000,1498.0,150.0,6.928000000000002,139900,1,0,1,0,1,0,0,0,1,0,1
2008,282228,1896.0,90.0,6.164663461538455,16400,1,0,0,1,0,1,0,1,0,1,0
2018,138428,1598.0,115.0,6.164663461538455,67200,1,0,0,1,0,1,1,0,0,0,1
2009,245000,1968.0,110.0,6.164663461538455,25990,1,0,0,1,0,1,1,0,0,1,0
2021,88674,1968.0,116.0,6.164663461538455,103900,1,0,0,1,0,1,0,0,1,0,1
2018,129000,1598.0,115.0,6.164663461538455,54000,0,1,0,1,0,1,0,0,1,0,1
2011,179000,1390.0,122.0,8.3,27999,0,1,1,0,0,1,1,0,0,0,1
2023,1,1498.0,150.0,6.928000000000002,115000,1,0,1,0,0,1,1,0,0,1,0
2012,249000,1598.0,105.0,4.6,30000,0,1,0,1,0,1,0,1,0,0,1
2018,78000,1968.0,150.0,5.0,73800,0,1,0,1,0,1,0,0,1,0,1
2004,208527,1390.0,75.0,9.0,12500,1,0,1,0,0,1,0,1,0,1,0
2018,181523,1598.0,115.0,6.164663461538455,49999,0,1,0,1,1,0,0,0,1,0,1
2001,366500,1896.0,100.0,6.0,4499,0,1,0,1,0,1,1,0,0,0,1
2018,49000,1395.0,125.0,6.8,74900,0,1,1,0,0,1,0,0,1,0,1
2021,18225,1498.0,150.0,6.5,124900,1,0,1,0,0,1,0,0,1,0,1
2012,56000,1197.0,86.0,7.190939597315435,40900,1,0,1,0,0,1,0,1,0,1,0
2018,168200,1598.0,115.0,6.164663461538455,49990,0,1,0,1,0,1,0,0,1,0,1
2019,168000,1968.0,150.0,5.0,68500,1,0,0,1,0,1,1,0,0,0,1
2009,225000,1390.0,160.0,8.4,17900,0,1,1,0,0,1,1,0,0,1,0
2007,137732,1390.0,140.0,9.0,19345,1,0,1,0,0,1,0,1,0,0,1
2017,239873,1968.0,150.0,6.21623931623932,49900,1,0,0,1,0,1,0,1,0,1,0
2019,45000,1000.0,116.0,7.190939597315435,67900,1,0,1,0,0,1,0,0,1,0,1
2007,332000,1896.0,105.0,6.0,15900,1,0,0,1,0,1,0,1,0,0,1
2008,256000,1896.0,105.0,6.0,16500,0,1,0,1,0,1,0,0,1,0,1
2019,89800,1498.0,130.0,7.190939597315435,79777,1,0,1,0,0,1,0,0,1,0,1
2018,49800,1395.0,150.0,6.0,89900,0,1,1,0,0,1,0,0,1,0,1
2018,152323,1598.0,115.0,6.164663461538455,52900,1,0,0,1,0,1,0,0,1,0,1
2015,148455,1395.0,150.0,6.928000000000002,56700,1,0,1,0,0,1,0,1,0,1,0
2013,175000,1968.0,150.0,5.0,44999,0,1,0,1,0,1,0,1,0,1,0
2004,205400,1598.0,115.0,8.0,11900,0,1,1,0,0,1,1,0,0,0,1
2006,179000,1595.0,102.0,9.0,17900,1,0,1,0,0,1,0,1,0,1,0
2009,245000,2000.0,110.0,6.164663461538455,27900,1,0,0,1,0,1,0,1,0,1,0
2013,199000,1598.0,105.0,5.0,33800,0,1,0,1,0,1,0,0,1,0,1
2019,114500,999.0,85.0,5.9,60900,1,0,1,0,0,1,0,0,1,0,1
2015,180390,1968.0,150.0,6.5,58900,0,1,0,1,1,0,0,1,0,0,1
2010,175600,1390.0,80.0,9.0,22900,1,0,1,0,0,1,0,1,0,1,0
2014,198000,1598.0,105.0,6.164663461538455,44900,1,0,0,1,1,0,1,0,0,1,0
2020,42100,1498.0,130.0,7.190939597315435,99900,1,0,1,0,0,1,0,0,1,0,1
2011,216000,1598.0,90.0,5.0,28900,0,1,0,1,0,1,0,0,1,0,1
2021,29968,1498.0,150.0,5.9,157000,1,0,1,0,1,0,0,0,1,0,1
2020,67425,1498.0,130.0,7.190939597315435,97900,1,0,1,0,0,1,0,0,1,0,1
2016,108227,1984.0,230.0,8.0,88500,1,0,1,0,1,0,0,0,1,0,1
2018,145905,1598.0,115.0,6.164663461538455,63700,1,0,0,1,0,1,0,0,1,0,1
2000,183340,1390.0,75.0,8.0,9200,0,1,1,0,0,1,1,0,0,0,1
2011,110975,1390.0,122.0,8.2,27900,0,1,1,0,0,1,1,0,0,1,0
2016,156918,1598.0,110.0,6.164663461538455,45100,1,0,0,1,0,1,1,0,0,1,0
2022,1,1498.0,130.0,7.190939597315435,123000,1,0,1,0,1,0,1,0,0,1,0
2018,166170,1968.0,150.0,6.21623931623932,59900,1,0,0,1,0,1,0,0,1,0,1
2013,180000,1968.0,150.0,6.21623931623932,47500,1,0,0,1,0,1,0,1,0,1,0
2015,131000,1598.0,105.0,4.0,41500,1,0,0,1,0,1,1,0,0,0,1
2008,259000,1896.0,105.0,6.164663461538455,16900,1,0,0,1,0,1,0,1,0,1,0
2011,181000,1598.0,105.0,5.0,31500,0,1,0,1,0,1,0,1,0,0,1
2008,144000,1390.0,80.0,9.0,18900,0,1,1,0,0,1,1,0,0,1,0
2021,12305,999.0,110.0,7.190939597315435,95899,1,0,1,0,0,1,0,0,1,1,0
2023,7,1498.0,150.0,6.928000000000002,146980,1,0,1,0,1,0,0,0,1,1,0
2012,211000,1598.0,105.0,6.164663461538455,31500,0,1,0,1,0,1,0,1,0,0,1
2023,1,1498.0,130.0,7.190939597315435,137500,1,0,1,0,1,0,0,0,1,1,0
2009,184000,1595.0,102.0,9.0,20700,0,1,1,0,0,1,0,1,0,1,0
2023,0,1984.0,245.0,6.21623931623932,185880,1,0,1,0,1,0,0,0,1,1,0
2016,177400,1598.0,110.0,4.5,49900,1,0,0,1,1,0,1,0,0,1,0
2022,7,1968.0,115.0,4.9,119900,1,0,0,1,0,1,1,0,0,0,1
2019,169195,1498.0,150.0,6.928000000000002,78500,1,0,1,0,1,0,0,1,0,1,0
2019,71587,1498.0,130.0,7.190939597315435,79900,1,0,1,0,0,1,0,0,1,1,0
2019,115000,1598.0,115.0,6.164663461538455,58000,0,1,0,1,0,1,0,0,1,0,1
2017,299300,1395.0,125.0,6.0,45500,0,1,1,0,1,0,0,0,1,0,1
2009,260000,1896.0,105.0,6.0,15900,0,1,0,1,0,1,0,0,1,0,1
2020,131990,999.0,110.0,7.190939597315435,83900,1,0,1,0,0,1,0,0,1,0,1
2000,370000,1896.0,115.0,6.0,4500,0,1,0,1,0,1,1,0,0,0,1
2016,177000,1395.0,125.0,6.0,54900,0,1,1,0,1,0,0,0,1,0,1
2006,180000,1390.0,75.0,9.0,13800,0,1,1,0,0,1,1,0,0,0,1
2010,136009,1395.0,122.0,6.0,28900,1,0,1,0,0,1,0,1,0,1,0
2009,169234,1595.0,102.0,9.7,30900,0,1,1,0,0,1,0,1,0,1,0
2009,203000,1595.0,102.0,9.0,18500,0,1,1,0,0,1,1,0,0,1,0
2013,170000,1395.0,122.0,6.6,37900,0,1,1,0,0,1,0,1,0,1,0
2015,206000,1598.0,110.0,4.6,37999,0,1,0,1,0,1,0,0,1,0,1
2018,111500,1968.0,150.0,6.21623931623932,87900,1,0,0,1,1,0,1,0,0,0,1
2019,102090,1968.0,150.0,6.21623931623932,69700,1,0,0,1,0,1,0,0,1,0,1
2013,181000,1598.0,105.0,6.164663461538455,37900,0,1,0,1,0,1,1,0,0,0,1
2015,200000,1968.0,140.0,5.4,46900,1,0,0,1,0,1,1,0,0,0,1
2001,193590,1390.0,75.0,7.190939597315435,8999,1,0,1,0,0,1,0,1,0,1,0
2008,274253,1390.0,122.0,8.0,12900,0,1,1,0,0,1,1,0,0,0,1
2017,89620,1395.0,150.0,6.0,67777,1,0,1,0,0,1,0,0,1,0,1
2019,67300,1598.0,116.0,6.164663461538455,84900,1,0,0,1,0,1,0,0,1,0,1
2017,151670,1395.0,150.0,6.928000000000002,69900,1,0,1,0,0,1,0,0,1,0,1
2006,133700,1390.0,170.0,9.0,19000,0,1,1,0,0,1,0,1,0,1,0
2014,183200,1984.0,230.0,8.0,73400,0,1,1,0,1,0,0,0,1,0,1
2020,226000,1598.0,115.0,4.6,48800,0,1,0,1,0,1,0,0,1,0,1
2020,28966,1984.0,245.0,6.21623931623932,159900,1,0,1,0,1,0,0,0,1,1,0
2022,11661,999.0,110.0,7.190939597315435,107800,1,0,1,0,0,1,0,0,1,0,1
2017,137900,1598.0,110.0,4.5,52900,0,1,0,1,0,1,0,0,1,0,1
2023,0,1984.0,245.0,6.21623931623932,189900,1,0,1,0,1,0,0,0,1,1,0
2019,175686,1598.0,115.0,4.6,64900,1,0,0,1,0,1,0,1,0,1,0
2017,171028,1968.0,184.0,6.21623931623932,89900,1,0,0,1,0,1,1,0,0,1,0
2006,132000,1390.0,75.0,8.0,19900,1,0,1,0,0,1,1,0,0,0,1
2014,282754,1598.0,105.0,4.6,32900,1,0,0,1,0,1,0,1,0,1,0
2019,126000,1598.0,116.0,6.164663461538455,63900,1,0,0,1,0,1,0,0,1,0,1
2020,37000,1498.0,130.0,6.5,99900,1,0,1,0,0,1,1,0,0,0,1
2021,11195,1498.0,130.0,7.190939597315435,114900,1,0,1,0,1,0,1,0,0,0,1
2017,145608,1395.0,150.0,6.0,74800,1,0,1,0,1,0,0,0,1,0,1
2019,82834,1598.0,115.0,6.164663461538455,71900,1,0,0,1,0,1,0,0,1,0,1
2011,150000,1197.0,105.0,7.190939597315435,27900,1,0,1,0,0,1,0,1,0,1,0
2018,90700,1395.0,150.0,6.0,87900,1,0,1,0,0,1,0,0,1,0,1
2022,1,1498.0,150.0,6.928000000000002,119890,1,0,1,0,0,1,0,0,1,1,0
2022,1,1498.0,150.0,6.928000000000002,130700,1,0,1,0,0,1,0,0,1,1,0
2020,23225,1498.0,130.0,7.190939597315435,99999,1,0,1,0,0,1,0,0,1,0,1
2015,229625,1598.0,105.0,4.9,38500,1,0,0,1,0,1,0,0,1,0,1
2018,143538,1395.0,125.0,6.0,65899,1,0,1,0,0,1,0,0,1,0,1
2018,119654,1598.0,115.0,6.164663461538455,62900,1,0,0,1,0,1,1,0,0,1,0
2004,189000,1595.0,102.0,9.0,13700,0,1,1,0,0,1,0,1,0,1,0
2017,159900,1598.0,115.0,4.6,52800,1,0,0,1,0,1,0,0,1,0,1
2008,225000,1390.0,122.0,8.2,18500,0,1,1,0,0,1,0,0,1,1,0
2014,257000,1968.0,150.0,6.21623931623932,47900,1,0,0,1,0,1,1,0,0,0,1
2018,134803,999.0,110.0,7.190939597315435,54850,1,0,1,0,0,1,0,0,1,0,1
2019,124000,999.0,115.0,7.190939597315435,46900,1,0,1,0,0,1,0,0,1,0,1
2021,21358,1498.0,150.0,6.928000000000002,146800,1,0,1,0,1,0,0,0,1,0,1
2018,85853,999.0,85.0,7.190939597315435,55999,1,0,1,0,0,1,0,0,1,0,1
2009,223000,1390.0,122.0,8.0,19900,1,0,1,0,1,0,0,1,0,1,0
1997,86000,1391.0,60.0,9.0,16500,1,0,1,0,0,1,0,1,0,1,0
2023,7,999.0,110.0,7.190939597315435,110260,1,0,1,0,0,1,0,0,1,1,0
2023,7,999.0,110.0,7.190939597315435,110260,1,0,1,0,0,1,0,0,1,1,0
2007,269174,1896.0,105.0,6.6,17900,1,0,0,1,0,1,0,1,0,0,1
2018,152620,1598.0,116.0,6.164663461538455,63500,1,0,0,1,0,1,1,0,0,0,1
2016,104000,1395.0,125.0,6.0,57900,0,1,1,0,0,1,0,0,1,0,1
2004,76000,1390.0,75.0,8.0,14900,0,1,1,0,0,1,0,1,0,1,0
2021,10,1498.0,150.0,6.5,117780,1,0,1,0,0,1,1,0,0,1,0
2014,156813,1197.0,105.0,7.190939597315435,39999,1,0,1,0,0,1,1,0,0,0,1
2020,125230,1984.0,245.0,6.21623931623932,97170,0,1,1,0,1,0,0,0,1,0,1
1998,210000,1595.0,100.0,10.0,8000,0,1,1,0,0,1,0,1,0,0,1
2010,151235,1390.0,122.0,7.190939597315435,26400,1,0,1,0,0,1,1,0,0,1,0
1999,188329,1595.0,102.0,11.0,6999,0,1,1,0,1,0,1,0,0,0,1
2008,287900,1390.0,122.0,7.0,12900,0,1,1,0,0,1,0,0,1,0,1
2018,124000,1598.0,115.0,4.6,69987,0,1,0,1,0,1,0,0,1,0,1
2018,87700,1598.0,115.0,4.0,75500,1,0,0,1,1,0,0,0,1,0,1
2015,77533,1395.0,150.0,6.0,65450,0,1,1,0,1,0,0,0,1,0,1
2005,266000,1595.0,102.0,9.0,10900,0,1,1,0,0,1,1,0,0,1,0
2013,208000,1968.0,150.0,5.2,53500,0,1,0,1,1,0,0,1,0,0,1
2011,200000,1598.0,105.0,6.164663461538455,25900,1,0,0,1,0,1,0,1,0,1,0
2018,147282,1598.0,115.0,6.164663461538455,46900,1,0,0,1,0,1,0,0,1,0,1
2017,110100,1395.0,125.0,7.190939597315435,69700,1,0,1,0,0,1,0,0,1,0,1
2017,89000,1984.0,245.0,6.21623931623932,107900,0,1,1,0,1,0,0,0,1,0,1
2016,151532,1598.0,110.0,3.9,46500,0,1,0,1,0,1,1,0,0,0,1
2009,246500,1968.0,140.0,6.1,21500,0,1,0,1,0,1,1,0,0,1,0
2015,402000,1968.0,150.0,5.0,41900,0,1,0,1,0,1,0,1,0,1,0
2017,137890,1395.0,125.0,6.0,64900,0,1,1,0,0,1,0,0,1,0,1
2018,59600,1498.0,150.0,6.928000000000002,96800,0,1,1,0,1,0,0,0,1,0,1
2009,261000,1390.0,160.0,8.0,24900,1,0,1,0,1,0,0,0,1,0,1
2017,142000,1968.0,184.0,5.0,85900,0,1,0,1,1,0,0,1,0,0,1
2009,170321,1390.0,122.0,8.0,24900,1,0,1,0,0,1,0,1,0,1,0
2012,208000,1197.0,105.0,7.1,32900,0,1,1,0,0,1,0,1,0,1,0
2017,178000,999.0,115.0,5.8,55900,0,1,1,0,0,1,0,1,0,1,0
2018,37000,999.0,115.0,5.0,58899,1,0,1,0,0,1,0,0,1,0,1
2006,220000,1896.0,105.0,6.0,13800,0,1,0,1,0,1,0,1,0,1,0
2018,70250,1984.0,245.0,6.21623931623932,111900,0,1,1,0,1,0,0,0,1,0,1
2017,137000,1395.0,125.0,6.8,64900,0,1,1,0,0,1,0,0,1,0,1
2011,140000,1598.0,105.0,4.7,34900,0,1,0,1,0,1,0,1,0,1,0
2008,230000,1896.0,105.0,6.0,15000,0,1,0,1,0,1,1,0,0,1,0
2023,0,1498.0,130.0,7.190939597315435,139900,1,0,1,0,1,0,0,0,1,1,0
1998,156687,1595.0,100.0,9.0,7990,1,0,1,0,0,1,0,1,0,1,0
2016,103760,1395.0,125.0,7.190939597315435,60000,0,1,1,0,0,1,0,1,0,0,1
2018,182000,1598.0,115.0,6.164663461538455,55900,1,0,0,1,0,1,0,0,1,0,1
2011,211000,1598.0,90.0,6.164663461538455,28999,0,1,0,1,0,1,0,0,1,0,1
2019,141000,999.0,115.0,7.190939597315435,49900,1,0,1,0,0,1,0,0,1,0,1
2014,215800,1984.0,220.0,7.0,70800,0,1,1,0,0,1,0,1,0,0,1
2019,152453,1968.0,150.0,5.1,72800,1,0,0,1,0,1,0,0,1,0,1
2013,290000,1598.0,105.0,5.0,34500,0,1,0,1,0,1,0,0,1,0,1
2018,30389,1498.0,130.0,7.190939597315435,73900,1,0,1,0,0,1,0,0,1,1,0
2019,133935,1498.0,150.0,6.928000000000002,88500,1,0,1,0,1,0,0,0,1,0,1
2021,18670,1498.0,150.0,6.5,124700,0,1,1,0,1,0,0,0,1,0,1
2013,175129,1984.0,220.0,6.21623931623932,62500,1,0,1,0,0,1,0,1,0,1,0
2020,19615,1498.0,150.0,6.5,114900,1,0,1,0,0,1,0,0,1,0,1
2017,51000,1395.0,125.0,6.0,80900,0,1,1,0,0,1,1,0,0,0,1
2013,175432,1395.0,122.0,6.0,43900,1,0,1,0,1,0,0,1,0,1,0
2016,164000,1598.0,110.0,4.6,47900,1,0,0,1,0,1,0,1,0,1,0
2007,131000,1390.0,140.0,9.0,16600,1,0,1,0,0,1,0,1,0,1,0
2018,125786,1498.0,150.0,6.928000000000002,74600,1,0,1,0,1,0,0,1,0,1,0
2015,177600,1598.0,110.0,3.0,36500,0,1,0,1,0,1,0,0,1,0,1
2011,214000,1968.0,170.0,7.0,40900,0,1,0,1,0,1,0,1,0,1,0
1999,180000,1390.0,75.0,9.0,5500,1,0,1,0,0,1,0,1,0,1,0
2006,230000,1390.0,75.0,9.0,14900,1,0,1,0,0,1,0,1,0,1,0
2011,219800,1598.0,105.0,4.6,28900,1,0,0,1,0,1,0,1,0,1,0
2012,206479,1598.0,90.0,6.164663461538455,28900,1,0,0,1,0,1,1,0,0,1,0
2005,79167,1595.0,102.0,9.0,17900,1,0,1,0,0,1,0,1,0,1,0
2006,221825,1896.0,105.0,6.0,17900,1,0,0,1,0,1,0,1,0,1,0
2008,151193,1390.0,80.0,7.190939597315435,14300,1,0,1,0,0,1,0,1,0,0,1
2000,194000,1390.0,75.0,7.190939597315435,5999,0,1,1,0,0,1,0,1,0,1,0
2018,155885,1598.0,115.0,6.164663461538455,49900,1,0,0,1,0,1,0,0,1,0,1
2019,45000,1500.0,131.0,6.164663461538455,75900,1,0,1,0,0,1,0,0,1,0,1
2021,43981,1498.0,130.0,7.190939597315435,99900,1,0,1,0,0,1,0,0,1,0,1
2020,134095,999.0,110.0,7.190939597315435,79999,1,0,1,0,0,1,0,0,1,0,1
2019,80039,1498.0,130.0,7.190939597315435,76900,1,0,1,0,0,1,0,0,1,0,1
1997,246000,1390.0,75.0,8.0,3900,1,0,1,0,0,1,1,0,0,0,1
2019,111740,999.0,115.0,7.190939597315435,59900,1,0,1,0,0,1,0,0,1,0,1
2019,79500,1598.0,115.0,4.6,78500,0,1,0,1,0,1,0,0,1,0,1
2015,257619,1984.0,245.0,6.21623931623932,69987,1,0,1,0,0,1,1,0,0,0,1
2019,122094,1968.0,150.0,6.21623931623932,79900,1,0,0,1,1,0,0,1,0,0,1
2018,65000,1984.0,245.0,8.0,87900,0,1,1,0,0,1,1,0,0,0,1
2012,196000,1598.0,105.0,6.164663461538455,27250,0,1,0,1,0,1,0,1,0,0,1
2017,126177,1968.0,150.0,5.0,73900,1,0,0,1,1,0,0,0,1,0,1
2009,188000,1400.0,75.0,7.190939597315435,22500,1,0,1,0,0,1,1,0,0,1,0
2017,213000,1598.0,115.0,6.164663461538455,49899,1,0,0,1,0,1,0,0,1,0,1
2018,86000,1498.0,150.0,6.1,83900,0,1,1,0,1,0,0,0,1,0,1
2019,174000,1598.0,115.0,4.6,48800,0,1,0,1,0,1,0,0,1,0,1
2008,199527,1896.0,105.0,6.0,22900,1,0,0,1,0,1,1,0,0,0,1
2018,172700,1598.0,115.0,6.164663461538455,59900,1,0,0,1,0,1,0,0,1,0,1
2004,280000,1896.0,105.0,6.164663461538455,8900,0,1,0,1,0,1,0,1,0,1,0
2018,147351,1498.0,150.0,6.928000000000002,75500,1,0,1,0,1,0,0,0,1,0,1
2019,25023,1984.0,245.0,6.21623931623932,117900,1,0,1,0,1,0,0,1,0,0,1
2009,253000,1598.0,105.0,4.6,22400,0,1,0,1,0,1,0,0,1,0,1
2016,168000,1800.0,170.0,6.21623931623932,53500,0,1,1,0,1,0,1,0,0,0,1
2019,104000,1498.0,130.0,6.1,72570,0,1,1,0,1,0,0,0,1,0,1
2018,179960,1968.0,184.0,6.21623931623932,88999,1,0,0,1,0,1,0,1,0,1,0
2009,272000,2000.0,140.0,6.164663461538455,21900,1,0,0,1,0,1,0,1,0,0,1
2009,225000,1595.0,102.0,9.0,26800,1,0,1,0,0,1,0,1,0,1,0
2004,178600,1390.0,75.0,9.0,10900,0,1,1,0,0,1,0,1,0,1,0
2013,208408,1390.0,122.0,7.190939597315435,29400,1,0,1,0,0,1,1,0,0,0,1
2010,210000,1598.0,105.0,5.7,24400,1,0,0,1,0,1,1,0,0,1,0
2020,50100,1498.0,130.0,7.190939597315435,105900,1,0,1,0,0,1,0,0,1,0,1
2022,6671,1498.0,130.0,7.190939597315435,124900,1,0,1,0,0,1,0,0,1,0,1
2016,161000,1984.0,230.0,8.0,89000,0,1,1,0,1,0,0,0,1,0,1
2009,206000,1984.0,210.0,10.0,52000,0,1,1,0,0,1,0,1,0,0,1
2011,217000,1598.0,105.0,5.0,26500,1,0,0,1,0,1,1,0,0,0,1
2017,124582,999.0,110.0,7.190939597315435,58800,1,0,1,0,0,1,1,0,0,0,1
2017,150690,1498.0,150.0,6.928000000000002,75400,1,0,1,0,0,1,0,0,1,0,1
2017,156463,1968.0,150.0,6.21623931623932,74800,1,0,0,1,0,1,0,1,0,1,0
2016,93457,1395.0,125.0,6.0,63900,1,0,1,0,0,1,0,0,1,0,1
2018,104600,999.0,110.0,5.0,67000,0,1,1,0,1,0,0,0,1,0,1
2018,110662,1598.0,115.0,6.164663461538455,59900,1,0,0,1,0,1,0,0,1,0,1
2007,293400,1896.0,90.0,6.164663461538455,17499,1,0,0,1,0,1,0,1,0,0,1
2007,206800,1595.0,102.0,9.7,10900,0,1,1,0,0,1,0,1,0,1,0
2004,205000,1390.0,75.0,9.0,8900,0,1,1,0,0,1,1,0,0,0,1
2010,140538,1968.0,140.0,6.0,31300,0,1,0,1,0,1,0,1,0,1,0
2011,315400,1968.0,140.0,6.9,24750,0,1,0,1,1,0,0,0,1,0,1
1996,68409,1781.0,75.0,11.0,15900,0,1,1,0,0,1,0,1,0,0,1
2023,5,1498.0,130.0,7.190939597315435,143130,1,0,1,0,1,0,1,0,0,1,0
2017,154900,1395.0,125.0,7.190939597315435,54570,1,0,1,0,0,1,0,0,1,0,1
2012,161425,1598.0,105.0,5.0,28900,0,1,0,1,0,1,0,1,0,0,1
2016,193000,1968.0,150.0,5.0,55900,0,1,0,1,0,1,0,1,0,1,0
2009,168349,1984.0,210.0,10.0,47900,0,1,1,0,1,0,1,0,0,0,1
2019,89645,1498.0,130.0,7.190939597315435,84900,1,0,1,0,0,1,0,0,1,0,1
2018,125466,1598.0,115.0,6.164663461538455,54900,1,0,0,1,0,1,0,0,1,0,1
2017,30500,1395.0,149.0,5.0,92900,0,1,1,0,1,0,0,0,1,0,1
2023,5,1498.0,150.0,6.928000000000002,167400,1,0,1,0,1,0,0,0,1,1,0
2018,55290,999.0,115.0,7.190939597315435,65999,1,0,1,0,0,1,0,0,1,0,1
2011,255000,1598.0,105.0,4.7,23999,0,1,0,1,0,1,0,1,0,1,0
2020,98463,999.0,110.0,7.190939597315435,92900,1,0,1,0,1,0,0,0,1,0,1
2008,186340,1390.0,122.0,8.0,21000,0,1,1,0,0,1,1,0,0,1,0
2015,101544,1390.0,122.0,7.190939597315435,48999,1,0,1,0,0,1,0,0,1,0,1
2011,191292,1600.0,105.0,6.164663461538455,29800,1,0,0,1,0,1,1,0,0,0,1
1997,100612,1781.0,75.0,6.164663461538455,6300,0,1,1,0,1,0,0,1,0,0,1
1990,290000,1272.0,54.0,7.190939597315435,6999,0,1,1,0,0,1,1,0,0,0,1
2020,85945,1498.0,150.0,6.928000000000002,95000,1,0,1,0,0,1,0,0,1,0,1
2018,149000,1598.0,115.0,4.0,54990,0,1,0,1,0,1,0,0,1,0,1
2015,237000,1598.0,110.0,5.0,47000,0,1,0,1,0,1,1,0,0,0,1
2016,119220,1598.0,110.0,6.164663461538455,51500,1,0,0,1,0,1,1,0,0,0,1
2011,249000,1598.0,90.0,5.0,22900,0,1,0,1,0,1,0,0,1,0,1
2018,241000,1598.0,115.0,4.6,42800,0,1,0,1,0,1,0,0,1,0,1
2013,212000,1968.0,140.0,6.9,32000,0,1,0,1,1,0,0,1,0,1,0
1999,134412,1390.0,75.0,9.0,4900,0,1,1,0,0,1,0,1,0,1,0
2005,141000,1390.0,75.0,9.0,13900,0,1,1,0,0,1,0,1,0,1,0
2009,208000,1598.0,105.0,5.0,23900,0,1,0,1,0,1,0,1,0,1,0
2011,194000,1598.0,105.0,5.0,26900,0,1,0,1,0,1,0,0,1,0,1
2018,171000,1598.0,115.0,4.6,53400,1,0,0,1,0,1,0,1,0,0,1
2014,150000,1395.0,140.0,7.190939597315435,53900,1,0,1,0,0,1,0,1,0,1,0
2011,184000,1197.0,85.0,7.0,25900,0,1,1,0,0,1,0,1,0,0,1
1999,175000,1595.0,100.0,11.0,9900,0,1,1,0,1,0,0,1,0,1,0
2018,33921,1498.0,130.0,7.190939597315435,79900,1,0,1,0,1,0,1,0,0,1,0
2009,432867,1968.0,140.0,7.0,17000,0,1,0,1,1,0,0,1,0,0,1
2006,257000,1968.0,140.0,7.0,19600,0,1,0,1,0,1,0,1,0,0,1
2017,146025,1598.0,110.0,4.0,52800,0,1,0,1,0,1,0,0,1,0,1
2008,350000,1968.0,140.0,6.0,15000,0,1,0,1,0,1,0,1,0,0,1
2017,44000,1395.0,125.0,6.0,64900,0,1,1,0,0,1,0,0,1,0,1
2007,179000,1390.0,80.0,9.0,15950,1,0,1,0,0,1,0,1,0,1,0
2005,218151,1896.0,105.0,6.6,13500,0,1,0,1,0,1,0,1,0,1,0
2011,261100,1598.0,90.0,5.0,21800,0,1,0,1,0,1,0,0,1,0,1
2002,254000,1896.0,100.0,5.0,10900,0,1,0,1,0,1,0,1,0,1,0
1992,82000,1781.0,90.0,11.0,8000,0,1,1,0,0,1,1,0,0,1,0
2014,216000,1395.0,122.0,6.0,38500,0,1,1,0,0,1,0,1,0,0,1
2011,84000,1390.0,80.0,8.0,29999,0,1,1,0,0,1,0,1,0,1,0
2008,206000,1390.0,140.0,9.0,18900,0,1,1,0,0,1,0,1,0,0,1
2018,203979,1968.0,184.0,5.0,94800,1,0,0,1,0,1,1,0,0,0,1
2006,324000,1896.0,105.0,6.6,12400,0,1,0,1,0,1,0,1,0,0,1
2018,132000,1598.0,115.0,4.2,62700,0,1,0,1,1,0,1,0,0,0,1
2010,286000,1595.0,102.0,9.0,22890,0,1,1,0,0,1,1,0,0,1,0
2005,195000,1968.0,105.0,6.164663461538455,20500,1,0,0,1,0,1,1,0,0,1,0
2017,180530,1598.0,115.0,4.6,48800,1,0,0,1,0,1,0,0,1,0,1
2017,183000,1968.0,150.0,5.1,54000,0,1,0,1,1,0,0,0,1,0,1
2013,317645,1968.0,150.0,5.0,36900,0,1,0,1,0,1,0,1,0,1,0
2018,90700,1598.0,115.0,6.164663461538455,69700,1,0,0,1,0,1,0,0,1,0,1
2018,157777,1395.0,125.0,7.190939597315435,73900,1,0,1,0,1,0,0,0,1,0,1
2023,0,999.0,110.0,7.190939597315435,96900,1,0,1,0,0,1,0,0,1,1,0
2019,26251,1984.0,290.0,8.3,151900,1,0,1,0,1,0,0,1,0,0,1
2014,220700,1598.0,90.0,4.0,39900,0,1,0,1,0,1,0,0,1,0,1
2007,220000,1390.0,140.0,9.0,13700,1,0,1,0,0,1,1,0,0,1,0
2018,234000,1968.0,150.0,6.21623931623932,53500,1,0,0,1,0,1,0,1,0,1,0
2016,249000,1395.0,125.0,6.0,37900,1,0,1,0,0,1,1,0,0,0,1
2007,180000,1595.0,102.0,9.0,17999,0,1,1,0,0,1,0,1,0,1,0
2006,378000,1896.0,100.0,6.0,10800,0,1,0,1,0,1,1,0,0,1,0
1999,152323,1390.0,75.0,7.190939597315435,4999,0,1,1,0,0,1,0,1,0,1,0
2019,169000,1598.0,116.0,6.164663461538455,59900,1,0,0,1,0,1,0,1,0,1,0
2009,200000,1595.0,102.0,9.0,25999,0,1,1,0,0,1,0,1,0,1,0
2009,192710,1595.0,102.0,9.0,26500,1,0,1,0,0,1,0,1,0,1,0
2019,159000,1498.0,130.0,7.0,64850,1,0,1,0,0,1,0,0,1,0,1
2005,188000,1896.0,105.0,7.0,16999,1,0,0,1,0,1,1,0,0,1,0
2023,1,1984.0,245.0,6.21623931623932,174900,1,0,1,0,1,0,1,0,0,1,0
2019,125000,1498.0,130.0,7.190939597315435,69900,1,0,1,0,0,1,0,0,1,0,1
2005,185000,1598.0,105.0,9.0,12699,0,1,1,0,0,1,0,0,1,0,1
2020,58160,1498.0,130.0,7.190939597315435,97900,1,0,1,0,0,1,0,0,1,0,1
2023,1,1498.0,150.0,6.928000000000002,150500,1,0,1,0,1,0,0,0,1,1,0
2011,285563,1598.0,105.0,6.164663461538455,27400,1,0,0,1,0,1,1,0,0,0,1
2011,140000,1197.0,86.0,6.0,28999,1,0,1,0,0,1,0,1,0,1,0
2004,200000,1390.0,75.0,8.0,13900,0,1,1,0,0,1,0,1,0,1,0
2018,162141,1395.0,125.0,6.0,59999,1,0,1,0,1,0,0,1,0,0,1
2016,83744,1598.0,110.0,6.164663461538455,57900,1,0,0,1,0,1,0,0,1,0,1
2016,231000,1968.0,184.0,5.0,67000,1,0,0,1,1,0,0,1,0,1,0
2008,273902,1968.0,140.0,6.164663461538455,19900,1,0,0,1,1,0,0,1,0,1,0
2008,278000,1896.0,105.0,6.6,11500,0,1,0,1,0,1,0,1,0,1,0
2012,328000,1598.0,105.0,4.0,32900,0,1,0,1,1,0,1,0,0,0,1
2004,285883,1390.0,75.0,7.190939597315435,12900,1,0,1,0,0,1,0,1,0,1,0
2017,176099,1968.0,150.0,6.21623931623932,63400,1,0,0,1,1,0,0,1,0,1,0
2018,125580,1968.0,150.0,6.21623931623932,79900,1,0,0,1,0,1,0,1,0,1,0
2006,239999,1896.0,105.0,6.0,14990,0,1,0,1,0,1,0,1,0,0,1
2017,197000,1598.0,115.0,6.164663461538455,53900,1,0,0,1,0,1,0,0,1,0,1
2008,251500,1968.0,110.0,6.164663461538455,26900,1,0,0,1,0,1,1,0,0,1,0
2022,5,1498.0,130.0,7.190939597315435,115650,1,0,1,0,0,1,1,0,0,1,0
2022,5,1498.0,150.0,6.928000000000002,163700,1,0,1,0,1,0,1,0,0,1,0
2010,215144,1598.0,105.0,5.7,26900,0,1,0,1,0,1,0,1,0,1,0
2010,269525,1598.0,105.0,4.7,20800,1,0,0,1,0,1,0,1,0,1,0
2014,216000,1968.0,150.0,5.0,61500,0,1,0,1,1,0,1,0,0,0,1
2008,233000,1896.0,105.0,6.0,22700,1,0,0,1,0,1,0,1,0,1,0
2019,114000,1598.0,115.0,4.0,69900,1,0,0,1,0,1,0,0,1,0,1
2019,148900,1598.0,115.0,4.0,69800,1,0,0,1,1,0,0,0,1,0,1
2019,148000,1498.0,130.0,6.0,72900,0,1,1,0,1,0,0,0,1,0,1
2011,167890,1197.0,105.0,6.0,26900,0,1,1,0,0,1,0,1,0,1,0
2017,83072,1395.0,150.0,9.0,80000,0,1,1,0,0,1,0,0,1,0,1
2006,198000,1595.0,102.0,6.164663461538455,14900,1,0,1,0,0,1,0,1,0,1,0
2014,108000,1197.0,105.0,6.1,41900,1,0,1,0,0,1,1,0,0,1,0
2013,199000,1197.0,86.0,7.190939597315435,37900,1,0,1,0,0,1,0,1,0,0,1
2020,113459,999.0,110.0,7.190939597315435,86900,1,0,1,0,0,1,0,0,1,0,1
2016,227000,1968.0,184.0,5.0,69800,0,1,0,1,1,0,1,0,0,0,1
2023,3,1498.0,150.0,6.928000000000002,118200,1,0,1,0,0,1,1,0,0,1,0
2019,54041,999.0,115.0,7.190939597315435,77900,1,0,1,0,1,0,0,0,1,0,1
2017,142645,1968.0,150.0,6.21623931623932,57900,1,0,0,1,0,1,1,0,0,0,1
2022,1,1498.0,130.0,7.190939597315435,129970,1,0,1,0,1,0,0,0,1,1,0
2001,150000,1984.0,115.0,11.0,9500,1,0,1,0,0,1,1,0,0,1,0
2018,172000,1598.0,115.0,6.0,56900,1,0,0,1,0,1,0,0,1,0,1
2017,164900,1598.0,115.0,6.164663461538455,55900,0,1,0,1,0,1,0,0,1,0,1
2012,223000,1598.0,105.0,5.0,28000,0,1,0,1,0,1,1,0,0,1,0
2023,10,1498.0,130.0,7.190939597315435,132190,1,0,1,0,1,0,0,0,1,1,0
1999,98000,1390.0,75.0,8.0,2850,1,0,1,0,0,1,0,1,0,1,0
2018,70332,1984.0,245.0,6.21623931623932,106800,1,0,1,0,0,1,0,0,1,0,1
2018,86000,1498.0,130.0,6.6,86899,1,0,1,0,0,1,0,0,1,0,1
2016,130000,1598.0,110.0,4.0,48500,0,1,0,1,0,1,1,0,0,0,1
2010,212000,1197.0,105.0,7.0,23900,0,1,1,0,0,1,0,1,0,0,1
2005,223000,1598.0,105.0,9.0,9900,0,1,1,0,0,1,0,1,0,1,0
2016,78000,1390.0,160.0,6.0,79827,0,1,1,0,0,1,0,0,1,0,1
2023,3,1498.0,150.0,6.928000000000002,117600,1,0,1,0,0,1,1,0,0,1,0
2023,10,1498.0,130.0,7.190939597315435,124090,1,0,1,0,1,0,0,0,1,1,0
2014,180000,1197.0,105.0,5.9,40900,1,0,1,0,0,1,0,1,0,0,1
2010,198000,1390.0,160.0,7.0,25900,0,1,1,0,0,1,0,1,0,1,0
2003,215000,1896.0,68.0,7.0,10900,1,0,0,1,0,1,0,1,0,1,0
2021,30549,1498.0,150.0,6.928000000000002,124800,1,0,1,0,1,0,1,0,0,0,1
2003,421800,1896.0,130.0,9.0,7000,0,1,0,1,1,0,1,0,0,0,1
2019,115000,1498.0,130.0,6.1,77900,1,0,1,0,1,0,0,0,1,0,1
2012,236696,1598.0,110.0,3.9,31900,0,1,0,1,0,1,0,1,0,1,0
2015,230634,1598.0,90.0,6.164663461538455,31900,1,0,0,1,0,1,0,0,1,0,1
2018,226000,1968.0,150.0,5.0,62900,0,1,0,1,0,1,0,1,0,1,0
2009,229000,1390.0,122.0,7.7,26300,1,0,1,0,1,0,0,1,0,0,1
2007,198000,1595.0,102.0,9.7,21900,1,0,1,0,0,1,0,1,0,1,0
2008,175000,1595.0,102.0,9.0,21900,1,0,1,0,0,1,0,1,0,1,0
2023,5,1968.0,150.0,6.21623931623932,149900,1,0,0,1,0,1,1,0,0,1,0
2008,215000,1390.0,160.0,7.5,19900,0,1,1,0,1,0,0,1,0,0,1
2022,11000,1498.0,130.0,7.190939597315435,121900,1,0,1,0,0,1,0,0,1,0,1
2007,239000,1900.0,105.0,6.164663461538455,16900,1,0,0,1,0,1,1,0,0,1,0
2007,301000,1896.0,105.0,6.0,16999,0,1,0,1,0,1,0,1,0,0,1
2019,118000,1000.0,110.0,7.190939597315435,49900,1,0,1,0,0,1,0,0,1,0,1
2015,131000,1968.0,150.0,5.0,50000,0,1,0,1,0,1,1,0,0,1,0
1999,188196,1984.0,115.0,11.0,7500,0,1,1,0,0,1,1,0,0,1,0
2005,264000,1896.0,90.0,6.0,13800,0,1,0,1,0,1,1,0,0,0,1
2014,187654,1968.0,150.0,6.21623931623932,49950,0,1,0,1,0,1,0,1,0,0,1
2005,220000,1390.0,75.0,8.0,14800,0,1,1,0,0,1,0,1,0,1,0
2019,145000,999.0,115.0,7.190939597315435,48900,1,0,1,0,0,1,0,0,1,0,1
2020,128698,999.0,110.0,7.190939597315435,84900,1,0,1,0,0,1,0,0,1,0,1
2019,132000,1598.0,115.0,6.164663461538455,62500,0,1,0,1,0,1,0,0,1,0,1
2018,63600,1400.0,125.0,7.190939597315435,73600,1,0,1,0,0,1,0,0,1,0,1
2019,48034,1498.0,150.0,6.928000000000002,92900,1,0,1,0,0,1,0,0,1,0,1
2020,113130,1598.0,115.0,6.164663461538455,69900,1,0,0,1,0,1,0,0,1,0,1
2023,5,1498.0,150.0,6.928000000000002,148500,1,0,1,0,1,0,1,0,0,1,0
2007,246957,1968.0,140.0,7.0,16900,1,0,0,1,0,1,1,0,0,1,0
2008,168000,1595.0,102.0,9.0,20900,1,0,1,0,0,1,0,1,0,1,0
2019,207000,1598.0,115.0,4.6,45510,0,1,0,1,0,1,0,0,1,0,1
2020,14111,1498.0,130.0,7.190939597315435,109900,1,0,1,0,0,1,0,0,1,0,1
2019,66614,1498.0,130.0,7.190939597315435,77900,1,0,1,0,0,1,0,0,1,1,0
2019,157844,1598.0,115.0,4.6,59700,0,1,0,1,0,1,0,0,1,0,1
2014,44132,1197.0,105.0,7.190939597315435,45499,1,0,1,0,0,1,0,0,1,0,1
2023,5,1498.0,130.0,7.190939597315435,132900,1,0,1,0,0,1,0,0,1,1,0
2018,161525,1598.0,115.0,6.164663461538455,60000,1,0,0,1,1,0,1,0,0,1,0
2018,139045,1598.0,115.0,6.164663461538455,56000,1,0,0,1,0,1,0,0,1,0,1
2018,179430,1598.0,115.0,6.164663461538455,56600,1,0,0,1,1,0,1,0,0,1,0
2018,83000,1400.0,125.0,7.190939597315435,76900,1,0,1,0,1,0,0,0,1,0,1
2019,51500,1500.0,130.0,6.164663461538455,81900,1,0,1,0,0,1,0,0,1,0,1
2018,109900,1598.0,116.0,6.164663461538455,74300,1,0,0,1,1,0,0,0,1,0,1
2004,245000,1390.0,75.0,9.0,13500,1,0,1,0,0,1,0,1,0,1,0
2018,191950,1968.0,184.0,5.0,83500,0,1,0,1,0,1,1,0,0,0,1
2006,176292,1595.0,102.0,9.0,17900,1,0,1,0,0,1,0,1,0,1,0
2018,130750,1968.0,184.0,6.21623931623932,107400,1,0,0,1,1,0,0,1,0,0,1
1999,235500,1595.0,100.0,9.0,6200,0,1,1,0,0,1,1,0,0,0,1
2023,5,999.0,110.0,7.190939597315435,101000,1,0,1,0,0,1,0,0,1,1,0
2012,189766,1197.0,105.0,7.190939597315435,29900,1,0,1,0,0,1,0,0,1,0,1
2023,1,1498.0,150.0,6.928000000000002,139500,1,0,1,0,1,0,0,0,1,1,0
2018,168000,1598.0,115.0,6.164663461538455,57900,1,0,0,1,0,1,0,0,1,1,0
2018,152696,1968.0,150.0,6.21623931623932,71800,1,0,0,1,0,1,0,1,0,1,0
2017,152425,1968.0,150.0,6.21623931623932,63800,1,0,0,1,0,1,0,1,0,1,0
2009,118214,1390.0,80.0,8.0,30900,1,0,1,0,0,1,0,1,0,1,0
2019,39768,1498.0,130.0,7.190939597315435,74900,1,0,1,0,0,1,0,0,1,0,1
2019,50271,1498.0,130.0,7.190939597315435,74900,1,0,1,0,0,1,0,0,1,0,1
2021,3178,1498.0,150.0,6.928000000000002,133190,1,0,1,0,1,0,0,0,1,1,0
2011,194000,1598.0,105.0,5.0,25400,1,0,0,1,0,1,1,0,0,0,1
2013,161000,1395.0,140.0,6.1,49900,0,1,1,0,1,0,0,0,1,0,1
1983,10000,1781.0,111.0,6.164663461538455,99000,0,1,1,0,0,1,0,0,1,0,1
2011,317000,1598.0,105.0,5.0,18000,0,1,0,1,0,1,0,1,0,0,1
2019,79760,1968.0,184.0,5.1,119900,1,0,0,1,1,0,0,0,1,0,1
2020,34760,1498.0,130.0,7.190939597315435,96000,0,1,1,0,0,1,1,0,0,0,1
2017,188000,1968.0,184.0,5.0,79500,0,1,0,1,0,1,0,1,0,1,0
2017,76000,1598.0,110.0,4.0,54900,1,0,0,1,1,0,0,1,0,0,1
2017,149560,1598.0,115.0,6.164663461538455,60000,1,0,0,1,0,1,1,0,0,0,1
2013,214000,1598.0,105.0,5.0,32900,0,1,0,1,0,1,0,1,0,1,0
2013,192000,1968.0,150.0,5.0,39890,1,0,0,1,0,1,0,1,0,0,1
2017,63400,1395.0,125.0,6.0,67900,0,1,1,0,0,1,1,0,0,1,0
2010,166000,1968.0,140.0,7.1,35900,0,1,0,1,0,1,0,1,0,1,0
2008,208117,1390.0,80.0,8.0,18700,0,1,1,0,0,1,0,1,0,1,0
2009,201760,1968.0,110.0,6.0,19800,0,1,0,1,0,1,1,0,0,1,0
2007,228000,1896.0,105.0,6.0,18500,0,1,0,1,0,1,0,1,0,0,1
2016,212080,1968.0,150.0,5.2,53900,0,1,0,1,1,0,0,1,0,1,0
2013,186000,1598.0,105.0,6.164663461538455,39900,1,0,0,1,0,1,1,0,0,0,1
2008,212147,1390.0,122.0,8.0,17700,0,1,1,0,0,1,0,1,0,1,0
2017,146714,1598.0,90.0,4.0,49900,1,0,0,1,0,1,0,0,1,0,1
2016,65000,1197.0,110.0,6.3,57900,0,1,1,0,0,1,1,0,0,0,1
2010,215759,1197.0,105.0,6.0,25800,0,1,1,0,0,1,0,1,0,1,0
2013,250000,1598.0,105.0,4.0,39400,0,1,0,1,0,1,0,1,0,0,1
2013,208000,1598.0,105.0,4.6,37900,0,1,0,1,0,1,0,1,0,1,0
2015,83750,1395.0,125.0,7.190939597315435,61900,0,1,1,0,0,1,1,0,0,1,0
2019,139000,1968.0,150.0,6.21623931623932,69900,1,0,0,1,0,1,0,0,1,0,1
2006,213000,1595.0,102.0,9.0,16900,0,1,1,0,0,1,0,1,0,1,0
2019,62000,1498.0,130.0,6.2,85000,0,1,1,0,0,1,0,0,1,0,1
2009,178000,1390.0,80.0,8.5,24600,0,1,1,0,0,1,0,1,0,1,0
2009,170000,1968.0,110.0,6.0,25900,0,1,0,1,0,1,1,0,0,0,1
2012,198000,1598.0,105.0,6.164663461538455,27900,1,0,0,1,0,1,1,0,0,1,0
2011,122000,1984.0,210.0,10.0,55900,0,1,1,0,1,0,1,0,0,1,0
2009,191420,1600.0,102.0,6.164663461538455,33900,1,0,1,0,0,1,0,1,0,1,0
2012,218000,1598.0,105.0,5.7,31500,0,1,0,1,0,1,0,1,0,0,1
2017,96200,1598.0,110.0,4.0,57800,0,1,0,1,0,1,0,0,1,0,1
2009,172000,1395.0,122.0,6.0,26800,1,0,1,0,0,1,0,1,0,1,0
2007,273166,1395.0,122.0,6.0,14900,1,0,1,0,0,1,1,0,0,0,1
2010,349000,1595.0,102.0,9.0,22800,0,1,1,0,0,1,0,1,0,1,0
2019,67000,1498.0,150.0,6.1,88900,0,1,1,0,0,1,0,0,1,0,1
2005,274000,1984.0,230.0,11.0,44500,0,1,1,0,0,1,1,0,0,1,0
2018,120035,1968.0,150.0,6.21623931623932,79900,1,0,0,1,0,1,0,0,1,0,1
2009,280000,1896.0,105.0,6.0,20500,0,1,0,1,0,1,1,0,0,1,0
2015,186700,1598.0,110.0,4.6,41900,0,1,0,1,0,1,1,0,0,1,0
2009,238400,1390.0,80.0,8.0,23900,1,0,1,0,0,1,0,1,0,0,1
2001,180000,1390.0,75.0,9.0,9300,1,0,1,0,0,1,0,1,0,1,0
2006,265000,1595.0,102.0,6.164663461538455,12900,1,0,1,0,0,1,0,1,0,1,0
2014,145000,1197.0,86.0,6.0,39900,0,1,1,0,0,1,0,1,0,1,0
2016,240000,1968.0,150.0,5.0,45900,0,1,0,1,1,0,0,0,1,0,1
2014,63000,1197.0,105.0,6.0,49900,0,1,1,0,0,1,0,0,1,0,1
2020,22041,1498.0,130.0,7.190939597315435,109900,1,0,1,0,0,1,0,0,1,0,1
2009,200000,1390.0,80.0,8.0,25500,1,0,1,0,0,1,0,1,0,1,0
1999,157000,1390.0,75.0,7.190939597315435,7900,1,0,1,0,0,1,0,1,0,0,1
2020,29700,1498.0,130.0,7.190939597315435,104900,1,0,1,0,0,1,0,0,1,0,1
2013,228000,1598.0,105.0,4.6,33210,1,0,0,1,0,1,0,0,1,0,1
2013,202000,1968.0,150.0,6.21623931623932,48900,0,1,0,1,1,0,0,1,0,0,1
2003,187000,1390.0,80.0,11.0,11800,0,1,1,0,0,1,0,1,0,1,0
2005,222000,1896.0,105.0,6.164663461538455,12500,1,0,0,1,0,1,1,0,0,0,1
2012,242000,1197.0,85.0,6.1,27999,0,1,1,0,0,1,0,1,0,0,1
2013,232000,1968.0,150.0,5.4,39900,1,0,0,1,1,0,0,1,0,0,1
2009,179000,1390.0,80.0,8.0,24900,1,0,1,0,0,1,0,1,0,1,0
2015,199000,1598.0,110.0,6.164663461538455,35500,1,0,0,1,0,1,0,1,0,0,1
2020,20762,1498.0,130.0,7.190939597315435,108900,1,0,1,0,0,1,0,0,1,0,1
2016,166100,1968.0,150.0,6.21623931623932,63900,1,0,0,1,1,0,1,0,0,0,1
2010,192000,1595.0,102.0,6.164663461538455,29000,0,1,1,0,0,1,1,0,0,0,1
2006,180018,1595.0,102.0,9.7,11700,0,1,1,0,0,1,0,1,0,0,1
2016,114329,1968.0,150.0,5.1,67900,0,1,0,1,1,0,0,1,0,0,1
2018,210495,1968.0,150.0,5.2,59999,0,1,0,1,1,0,0,1,0,1,0
2020,15834,1498.0,130.0,7.190939597315435,99900,1,0,1,0,0,1,0,0,1,0,1
2012,227000,1598.0,105.0,4.2,27900,0,1,0,1,0,1,0,1,0,1,0
2016,40000,1197.0,110.0,6.0,58500,0,1,1,0,0,1,0,0,1,0,1
2014,163900,1598.0,110.0,6.164663461538455,47999,1,0,0,1,0,1,1,0,0,0,1
2008,200000,1390.0,80.0,9.0,19900,1,0,1,0,0,1,0,1,0,0,1
2016,112800,1395.0,125.0,7.190939597315435,72900,1,0,1,0,1,0,0,0,1,0,1
2018,162246,999.0,115.0,5.0,67499,0,1,1,0,1,0,1,0,0,0,1
2018,67202,1968.0,150.0,6.21623931623932,93500,1,0,0,1,1,0,0,0,1,0,1
2011,276415,1598.0,105.0,6.164663461538455,26400,1,0,0,1,0,1,1,0,0,0,1
2009,190536,1968.0,110.0,6.164663461538455,21400,1,0,0,1,0,1,1,0,0,1,0
2012,220421,1598.0,90.0,5.0,24900,1,0,0,1,0,1,1,0,0,0,1
2002,140500,1390.0,75.0,7.190939597315435,8900,0,1,1,0,0,1,0,1,0,0,1
2017,171000,1598.0,115.0,4.0,63900,1,0,0,1,1,0,0,1,0,1,0
1998,182800,2324.0,150.0,13.0,16900,1,0,1,0,0,1,0,1,0,0,1
2019,140000,1598.0,115.0,7.0,56800,1,0,0,1,0,1,0,0,1,0,1
2009,175000,1390.0,80.0,8.0,25900,0,1,1,0,0,1,0,1,0,1,0
2014,60471,1197.0,85.0,6.1,42500,0,1,1,0,0,1,0,1,0,0,1
2014,129000,1395.0,140.0,6.0,54900,1,0,1,0,0,1,1,0,0,1,0
2019,207000,1498.0,150.0,6.6,59900,1,0,1,0,0,1,0,0,1,0,1
2023,8,999.0,110.0,7.190939597315435,117500,1,0,1,0,1,0,0,0,1,1,0
2015,154000,1968.0,184.0,5.0,67900,1,0,0,1,1,0,0,1,0,0,1
2019,72500,1498.0,130.0,7.190939597315435,74900,1,0,1,0,0,1,0,0,1,0,1
2008,157000,1595.0,102.0,10.2,22500,1,0,1,0,0,1,0,1,0,1,0
2023,6,1498.0,150.0,6.928000000000002,119900,1,0,1,0,0,1,1,0,0,1,0
2009,219000,1984.0,210.0,10.0,36900,1,0,1,0,0,1,0,1,0,1,0
2005,243000,1598.0,115.0,6.164663461538455,12900,1,0,1,0,0,1,1,0,0,1,0
2018,155000,1498.0,130.0,7.190939597315435,70800,1,0,1,0,1,0,0,0,1,0,1
2011,244000,1598.0,105.0,5.2,23500,0,1,0,1,0,1,0,1,0,1,0
2007,223400,1896.0,105.0,6.0,14999,1,0,0,1,0,1,0,1,0,0,1
2015,101544,1390.0,122.0,7.190939597315435,48999,1,0,1,0,0,1,0,0,1,0,1
2012,178351,1598.0,105.0,4.7,29900,1,0,0,1,0,1,0,1,0,0,1
2018,96707,1498.0,130.0,7.190939597315435,82900,1,0,1,0,1,0,0,0,1,0,1
2022,7,1984.0,245.0,6.21623931623932,185880,1,0,1,0,1,0,1,0,0,1,0
2017,193000,999.0,110.0,5.9,49777,1,0,1,0,0,1,0,0,1,0,1
2016,72956,1598.0,110.0,4.6,51900,1,0,0,1,0,1,0,0,1,0,1
2019,82935,1984.0,245.0,6.21623931623932,114900,1,0,1,0,1,0,0,0,1,0,1
2020,75410,1495.0,150.0,6.928000000000002,89900,1,0,1,0,0,1,0,0,1,0,1
2010,221000,1968.0,110.0,6.0,21900,1,0,0,1,0,1,1,0,0,0,1
2011,108672,1390.0,122.0,8.0,32000,0,1,1,0,0,1,0,0,1,0,1
2012,190000,1598.0,90.0,5.0,31500,0,1,0,1,0,1,0,0,1,0,1
2017,135915,1395.0,125.0,7.190939597315435,65900,1,0,1,0,0,1,0,0,1,0,1
2017,123105,1197.0,86.0,5.0,44900,1,0,1,0,0,1,0,0,1,0,1
2010,278000,1598.0,105.0,5.7,24800,1,0,0,1,0,1,0,1,0,1,0
2006,225000,1896.0,105.0,5.0,15900,0,1,0,1,0,1,0,1,0,1,0
2019,144050,1598.0,115.0,4.0,72900,1,0,0,1,1,0,0,0,1,0,1
2012,228121,1600.0,105.0,6.164663461538455,29900,1,0,0,1,0,1,0,1,0,1,0
2010,151900,1598.0,105.0,6.164663461538455,29900,1,0,0,1,1,0,1,0,0,0,1
2018,115000,1598.0,115.0,4.6,52000,0,1,0,1,0,1,0,0,1,0,1
2018,85805,1598.0,115.0,4.6,62900,1,0,0,1,0,1,0,0,1,0,1
2009,260164,1896.0,105.0,6.0,21700,1,0,0,1,0,1,0,1,0,1,0
2016,167638,1395.0,125.0,7.190939597315435,53400,1,0,1,0,0,1,0,1,0,1,0
2013,143000,1598.0,105.0,5.7,43800,0,1,0,1,0,1,1,0,0,0,1
2010,193000,1598.0,105.0,6.164663461538455,19900,1,0,0,1,0,1,1,0,0,1,0
2015,222000,1968.0,150.0,6.21623931623932,44900,1,0,0,1,0,1,0,0,1,0,1
2009,235000,1598.0,105.0,5.0,22500,0,1,0,1,0,1,1,0,0,0,1
2017,175561,1968.0,150.0,3.0,69900,0,1,0,1,1,0,1,0,0,1,0
2010,180000,1197.0,105.0,7.0,26900,1,0,1,0,0,1,0,1,0,1,0
2020,150589,1968.0,150.0,6.21623931623932,76900,1,0,0,1,0,1,0,0,1,0,1
2013,274000,1598.0,105.0,5.7,36900,1,0,0,1,0,1,1,0,0,1,0
2016,212000,1395.0,150.0,6.6,57500,0,1,1,0,0,1,0,0,1,0,1
2016,139000,1197.0,110.0,6.0,46000,0,1,1,0,0,1,0,0,1,1,0
2007,230059,1968.0,140.0,7.0,19900,1,0,0,1,0,1,0,1,0,1,0
2023,6,1498.0,130.0,7.190939597315435,133400,1,0,1,0,0,1,1,0,0,1,0
2019,24600,1984.0,245.0,8.0,119700,1,0,1,0,0,1,0,0,1,0,1
2023,6,999.0,110.0,7.190939597315435,107000,1,0,1,0,0,1,1,0,0,1,0
2014,199000,1968.0,150.0,5.1,48959,0,1,0,1,1,0,1,0,0,0,1
2010,137060,1197.0,105.0,7.3,20900,0,1,1,0,0,1,1,0,0,1,0
2023,6,999.0,110.0,7.190939597315435,110000,1,0,1,0,0,1,1,0,0,1,0
2004,192000,1390.0,75.0,9.0,14600,1,0,1,0,0,1,0,1,0,1,0
2016,203507,1598.0,110.0,4.0,44000,1,0,0,1,0,1,0,1,0,0,1
2019,49273,1498.0,150.0,6.0,94900,1,0,1,0,0,1,0,0,1,0,1
2012,175000,1197.0,86.0,6.0,29500,0,1,1,0,0,1,0,1,0,0,1
2022,11604,1498.0,150.0,6.928000000000002,131900,1,0,1,0,1,0,0,0,1,0,1
2009,241000,1968.0,140.0,6.0,19000,0,1,0,1,0,1,0,1,0,0,1
2016,177000,1598.0,110.0,4.6,46999,1,0,0,1,0,1,1,0,0,0,1
2010,152000,1390.0,122.0,7.190939597315435,25900,0,1,1,0,0,1,0,1,0,1,0
2007,173200,1390.0,80.0,9.0,13900,1,0,1,0,0,1,0,1,0,0,1
2020,30390,1498.0,130.0,7.190939597315435,99900,1,0,1,0,0,1,0,0,1,0,1
2010,140000,1395.0,122.0,6.6,28900,0,1,1,0,0,1,1,0,0,1,0
2008,330000,1896.0,105.0,6.7,14900,1,0,0,1,0,1,0,1,0,1,0
2018,63600,1400.0,125.0,7.190939597315435,74900,1,0,1,0,0,1,0,0,1,0,1
2017,118800,1400.0,125.0,7.190939597315435,65900,1,0,1,0,0,1,0,0,1,0,1
2017,94229,1395.0,125.0,6.0,69800,1,0,1,0,0,1,0,0,1,0,1
2015,99000,1395.0,122.0,6.0,53900,1,0,1,0,0,1,1,0,0,0,1
2004,250000,1896.0,105.0,6.164663461538455,6900,0,1,0,1,0,1,1,0,0,0,1
2010,207456,1197.0,105.0,7.190939597315435,26900,1,0,1,0,0,1,1,0,0,0,1
2010,294620,1968.0,140.0,6.0,29900,0,1,0,1,0,1,0,1,0,0,1
2015,252500,1968.0,150.0,5.2,39900,0,1,0,1,0,1,0,0,1,0,1
2014,206355,1598.0,105.0,5.7,42990,0,1,0,1,1,0,0,1,0,1,0
2011,162775,1197.0,105.0,7.1,23900,1,0,1,0,0,1,1,0,0,1,0
2023,0,1498.0,130.0,7.190939597315435,120500,1,0,1,0,0,1,0,0,1,1,0
2017,150000,1598.0,115.0,6.164663461538455,52600,0,1,0,1,0,1,0,0,1,0,1
2023,0,1498.0,130.0,7.190939597315435,141070,1,0,1,0,1,0,0,0,1,1,0
2018,78720,1395.0,125.0,7.190939597315435,76000,1,0,1,0,0,1,0,0,1,0,1
2018,149800,1598.0,115.0,6.164663461538455,59900,1,0,0,1,0,1,0,0,1,0,1
2011,229000,1598.0,105.0,4.6,26999,0,1,0,1,0,1,0,1,0,1,0
2018,213094,1968.0,150.0,5.0,59900,1,0,0,1,0,1,0,0,1,0,1
2017,172475,1598.0,115.0,4.0,54000,0,1,0,1,0,1,1,0,0,1,0
2017,140629,1395.0,125.0,7.190939597315435,64900,1,0,1,0,0,1,0,0,1,0,1
2019,103458,1968.0,150.0,6.21623931623932,82900,1,0,0,1,0,1,0,0,1,0,1
2023,10,1498.0,130.0,7.190939597315435,146280,1,0,1,0,1,0,0,0,1,1,0
2007,220000,1968.0,140.0,7.0,15900,0,1,0,1,0,1,1,0,0,0,1
2019,45289,1984.0,245.0,6.21623931623932,117900,1,0,1,0,1,0,0,0,1,0,1
2013,199000,1197.0,86.0,5.9,29800,0,1,1,0,0,1,0,1,0,1,0
2009,167000,1390.0,80.0,7.190939597315435,23997,1,0,1,0,0,1,1,0,0,1,0
2007,180000,1390.0,80.0,9.0,17900,1,0,1,0,0,1,0,1,0,1,0
2015,165150,1598.0,110.0,6.164663461538455,44900,1,0,0,1,1,0,0,0,1,0,1
2014,210000,1968.0,184.0,5.1,69990,1,0,0,1,0,1,0,1,0,0,1
2019,121750,999.0,115.0,7.190939597315435,59900,1,0,1,0,0,1,0,0,1,0,1
1999,199000,1598.0,105.0,10.0,19900,1,0,1,0,0,1,0,1,0,1,0
2019,113590,999.0,115.0,7.190939597315435,59900,1,0,1,0,0,1,0,0,1,0,1
2019,108494,999.0,115.0,7.190939597315435,57800,1,0,1,0,0,1,0,0,1,0,1
2018,142475,1598.0,115.0,6.164663461538455,57900,1,0,0,1,0,1,0,0,1,0,1
2020,56000,1968.0,150.0,6.21623931623932,129900,1,0,0,1,1,0,0,0,1,0,1
2016,46500,1984.0,265.0,8.975000000000001,117900,1,0,1,0,1,0,0,0,1,0,1
2022,0,1984.0,245.0,6.21623931623932,196900,1,0,1,0,1,0,0,0,1,1,0
2020,9700,1498.0,130.0,6.5,106500,0,1,1,0,0,1,1,0,0,0,1
2018,97000,1600.0,115.0,6.164663461538455,56900,1,0,0,1,0,1,0,0,1,0,1
2004,187267,1390.0,75.0,8.0,12900,0,1,1,0,0,1,0,1,0,1,0
2004,197267,1598.0,115.0,8.0,10900,0,1,1,0,0,1,0,1,0,1,0
2018,178807,1598.0,115.0,6.164663461538455,54900,1,0,0,1,0,1,0,1,0,0,1
2005,163000,1595.0,102.0,9.0,18900,0,1,1,0,0,1,0,1,0,1,0
2008,190000,1390.0,80.0,9.0,18666,0,1,1,0,0,1,0,1,0,1,0
2020,26031,1968.0,150.0,6.21623931623932,117900,1,0,0,1,1,0,0,1,0,0,1
2018,154246,1598.0,115.0,6.164663461538455,54900,1,0,0,1,0,1,0,0,1,1,0
2015,199000,1598.0,110.0,4.0,45900,0,1,0,1,0,1,0,1,0,1,0
2015,67800,1395.0,140.0,6.0,60900,1,0,1,0,0,1,0,0,1,0,1
2005,239752,1984.0,280.0,8.975000000000001,31900,1,0,1,0,0,1,0,1,0,1,0
2018,103029,1598.0,115.0,4.0,67999,1,0,0,1,1,0,0,0,1,0,1
2010,150000,1390.0,80.0,7.190939597315435,23900,1,0,1,0,0,1,1,0,0,1,0
2018,179800,1598.0,116.0,5.0,63700,0,1,0,1,1,0,0,0,1,0,1
2012,299000,1598.0,105.0,5.0,25900,0,1,0,1,0,1,0,1,0,1,0
2018,112559,1498.0,130.0,6.0,74900,1,0,1,0,1,0,0,0,1,0,1
2020,30222,1498.0,130.0,7.190939597315435,98000,0,1,1,0,0,1,1,0,0,0,1
2008,182000,1595.0,102.0,9.0,19900,1,0,1,0,0,1,0,1,0,1,0
2016,151700,1598.0,110.0,6.164663461538455,48500,1,0,0,1,0,1,1,0,0,0,1
2016,152431,1194.0,110.0,7.190939597315435,55500,1,0,1,0,0,1,1,0,0,0,1
2009,141633,1390.0,80.0,8.0,23499,0,1,1,0,0,1,0,1,0,1,0
2011,302000,1598.0,105.0,5.0,24900,0,1,0,1,0,1,0,1,0,0,1
2018,190100,1598.0,115.0,6.164663461538455,55500,0,1,0,1,0,1,0,0,1,0,1
2018,100500,1598.0,115.0,4.6,61900,0,1,0,1,0,1,0,0,1,0,1
2009,281000,1968.0,110.0,6.0,24900,1,0,0,1,0,1,1,0,0,1,0
2008,234135,1896.0,105.0,6.0,12999,1,0,0,1,0,1,0,1,0,1,0
2023,1,1984.0,245.0,6.21623931623932,173900,1,0,1,0,1,0,1,0,0,1,0
2009,140000,1390.0,80.0,8.0,22900,1,0,1,0,0,1,0,1,0,0,1
2013,260000,1968.0,150.0,5.0,42999,0,1,0,1,0,1,0,1,0,0,1
2011,195000,1390.0,80.0,8.0,27500,0,1,1,0,0,1,0,1,0,1,0
2016,85000,1598.0,90.0,4.0,58000,0,1,0,1,0,1,0,0,1,0,1
2012,184000,1598.0,105.0,4.6,33900,0,1,0,1,0,1,1,0,0,1,0
2013,280000,1968.0,184.0,5.2,46900,0,1,0,1,0,1,0,1,0,0,1
2009,160000,1595.0,102.0,9.0,32900,0,1,1,0,0,1,0,1,0,1,0
2006,251100,1595.0,102.0,9.0,16900,0,1,1,0,0,1,0,1,0,1,0
2009,224000,1896.0,105.0,6.7,17800,1,0,0,1,0,1,1,0,0,1,0
2012,135000,1598.0,105.0,4.7,29400,0,1,0,1,0,1,0,1,0,0,1
2006,144600,1595.0,102.0,6.164663461538455,18500,0,1,1,0,0,1,0,1,0,0,1
2007,174000,1595.0,102.0,6.164663461538455,21900,0,1,1,0,0,1,1,0,0,0,1
2007,195000,1390.0,140.0,9.0,19900,0,1,1,0,1,0,0,1,0,1,0
2008,145629,1390.0,170.0,9.0,24800,0,1,1,0,0,1,0,1,0,0,1
2009,316000,1896.0,105.0,6.164663461538455,16999,1,0,0,1,0,1,0,1,0,0,1
2014,223444,1968.0,150.0,5.0,47400,1,0,0,1,0,1,1,0,0,1,0
2005,162299,1595.0,102.0,9.7,13300,0,1,1,0,0,1,0,1,0,1,0
2015,226723,1598.0,110.0,4.5,41000,0,1,0,1,0,1,0,0,1,0,1
2013,163000,1395.0,140.0,6.0,42900,0,1,1,0,0,1,1,0,0,1,0
2009,189966,1595.0,102.0,8.0,24900,0,1,1,0,0,1,1,0,0,0,1
2005,216200,1984.0,200.0,6.21623931623932,25590,0,1,1,0,0,1,0,1,0,0,1
2014,265000,1598.0,105.0,4.6,35000,0,1,0,1,0,1,0,1,0,0,1
2015,160246,1197.0,110.0,6.0,41900,0,1,1,0,0,1,0,0,1,0,1
2003,214400,1984.0,115.0,6.164663461538455,9500,0,1,1,0,1,0,0,1,0,0,1
2010,159500,1984.0,210.0,10.0,42500,1,0,1,0,1,0,0,1,0,1,0
2020,15000,1498.0,150.0,6.928000000000002,125000,0,1,1,0,1,0,0,0,1,0,1
2009,163000,1390.0,80.0,8.0,26300,0,1,1,0,0,1,1,0,0,1,0
2006,278000,1968.0,140.0,6.164663461538455,16900,1,0,0,1,0,1,0,1,0,1,0
2015,267000,1968.0,184.0,5.2,50900,0,1,0,1,0,1,0,1,0,1,0
2013,211000,1968.0,184.0,5.0,61000,0,1,0,1,0,1,0,1,0,0,1
2017,192354,1395.0,125.0,6.0,49198,0,1,1,0,1,0,0,0,1,0,1
2017,170000,1197.0,110.0,6.1,49900,1,0,1,0,0,1,0,0,1,0,1
2003,184000,1598.0,105.0,9.0,8200,0,1,1,0,0,1,0,0,1,0,1
2007,230590,1595.0,102.0,9.0,16500,0,1,1,0,0,1,1,0,0,1,0
2014,241000,1968.0,150.0,5.4,41499,0,1,0,1,1,0,0,0,1,0,1
2007,172649,1390.0,80.0,9.0,16499,1,0,1,0,0,1,0,1,0,1,0
2009,149000,1390.0,80.0,9.0,22900,0,1,1,0,0,1,0,1,0,1,0
2009,364000,1968.0,110.0,6.164663461538455,19000,0,1,0,1,0,1,0,1,0,0,1
2015,175000,1968.0,184.0,5.0,66900,1,0,0,1,1,0,1,0,0,0,1
2009,248000,1896.0,105.0,6.0,18900,0,1,0,1,0,1,0,1,0,1,0
2019,83000,999.0,115.0,7.190939597315435,52800,1,0,1,0,0,1,0,0,1,0,1
2018,135000,1598.0,115.0,4.6,54900,1,0,0,1,0,1,0,0,1,0,1
2007,171000,1390.0,80.0,8.0,12900,0,1,1,0,0,1,0,1,0,1,0
1999,290000,1896.0,110.0,6.164663461538455,11300,0,1,0,1,0,1,0,1,0,0,1
2014,199500,1968.0,150.0,5.0,48500,0,1,0,1,0,1,0,1,0,0,1
2003,430000,1896.0,105.0,6.164663461538455,6900,0,1,0,1,0,1,0,1,0,0,1
2007,240000,1984.0,230.0,6.21623931623932,20900,0,1,1,0,0,1,0,1,0,1,0
2010,150000,1390.0,122.0,8.0,28990,0,1,1,0,0,1,1,0,0,1,0
2011,277670,1968.0,140.0,6.0,26500,0,1,0,1,0,1,1,0,0,0,1
2022,11000,1984.0,245.0,6.21623931623932,193356,0,1,1,0,1,0,0,0,1,0,1
2009,170000,1390.0,80.0,8.0,24900,0,1,1,0,0,1,1,0,0,1,0
2003,200000,1984.0,115.0,6.164663461538455,9500,0,1,1,0,1,0,0,1,0,1,0
2017,91000,1598.0,90.0,4.0,45400,0,1,0,1,0,1,0,0,1,0,1
2009,173671,1390.0,122.0,8.1,28900,1,0,1,0,0,1,0,1,0,1,0
2007,170000,1595.0,102.0,7.0,17900,0,1,1,0,0,1,0,1,0,1,0
2009,160000,1595.0,102.0,6.164663461538455,27900,1,0,1,0,0,1,0,1,0,1,0
2006,167660,1390.0,75.0,9.0,12500,0,1,1,0,0,1,0,1,0,1,0
2016,42000,1395.0,125.0,6.2,71999,0,1,1,0,1,0,1,0,0,0,1
2015,221000,1968.0,150.0,5.0,53900,1,0,0,1,0,1,1,0,0,0,1
2015,150000,1197.0,110.0,6.0,46800,0,1,1,0,0,1,0,1,0,1,0
2008,273000,1896.0,105.0,5.0,16500,1,0,0,1,0,1,1,0,0,0,1
2005,208000,1598.0,115.0,6.164663461538455,16999,1,0,1,0,1,0,0,1,0,1,0
2008,264000,1896.0,105.0,7.0,11900,0,1,0,1,0,1,0,1,0,0,1
2013,256000,1598.0,105.0,4.0,37500,0,1,0,1,0,1,0,1,0,0,1
2013,149000,1395.0,122.0,6.9,44999,0,1,1,0,0,1,0,1,0,1,0
2016,204000,1968.0,150.0,5.0,61900,0,1,0,1,0,1,0,0,1,1,0
2019,119000,1598.0,115.0,6.164663461538455,62999,1,0,0,1,0,1,0,0,1,0,1
2006,225700,1984.0,200.0,11.0,25900,0,1,1,0,0,1,0,1,0,0,1
2001,194000,1390.0,75.0,7.190939597315435,5999,0,1,1,0,0,1,0,1,0,1,0
2017,109000,1598.0,115.0,6.164663461538455,75000,0,1,0,1,0,1,0,0,1,0,1
2019,104700,1498.0,150.0,6.3,84894,1,0,1,0,1,0,0,0,1,0,1
2007,220000,1896.0,105.0,6.0,14200,1,0,0,1,0,1,1,0,0,1,0
2002,239000,1390.0,75.0,7.190939597315435,7900,1,0,1,0,0,1,0,1,0,1,0
2005,239000,1896.0,130.0,9.0,8900,1,0,0,1,1,0,1,0,0,0,1
2004,200000,1390.0,75.0,9.0,11900,1,0,1,0,0,1,1,0,0,0,1
2012,211000,1598.0,105.0,6.164663461538455,24900,1,0,0,1,0,1,1,0,0,1,0
2018,203929,1968.0,150.0,5.0,65999,0,1,0,1,0,1,0,1,0,0,1
1999,175000,1390.0,75.0,9.0,3800,1,0,1,0,0,1,1,0,0,1,0
2007,273500,1896.0,105.0,6.0,14900,1,0,0,1,0,1,0,1,0,0,1
2004,177362,1390.0,75.0,7.190939597315435,12399,1,0,1,0,0,1,0,1,0,1,0
2010,148000,1390.0,122.0,8.0,27260,0,1,1,0,0,1,0,0,1,0,1
2007,250000,1896.0,105.0,6.0,17900,1,0,0,1,0,1,1,0,0,0,1
2012,191000,1598.0,105.0,5.0,27500,1,0,0,1,0,1,0,1,0,0,1
2009,291000,1896.0,105.0,6.0,17300,0,1,0,1,0,1,0,1,0,0,1
2008,239576,2000.0,140.0,6.164663461538455,19900,1,0,0,1,0,1,1,0,0,1,0
2019,255000,1968.0,150.0,5.0,70900,1,0,0,1,0,1,0,1,0,0,1
2007,237000,1595.0,102.0,9.0,17900,0,1,1,0,0,1,1,0,0,1,0
2008,279000,1896.0,105.0,6.0,13500,0,1,0,1,0,1,0,1,0,1,0
2016,75500,1197.0,110.0,6.1,57700,0,1,1,0,0,1,1,0,0,0,1
2010,207000,1598.0,105.0,4.6,26777,1,0,0,1,0,1,0,1,0,1,0
2014,152000,1395.0,122.0,6.0,46999,0,1,1,0,0,1,0,0,1,0,1
2000,193240,1390.0,75.0,7.0,5999,0,1,1,0,0,1,0,1,0,1,0
2013,174000,1984.0,230.0,7.0,67900,1,0,1,0,0,1,1,0,0,1,0
2018,235000,1598.0,115.0,4.6,45268,0,1,0,1,0,1,0,0,1,0,1
2017,194646,1598.0,90.0,6.164663461538455,49900,0,1,0,1,0,1,0,0,1,0,1
2017,24000,1395.0,125.0,6.0,91900,0,1,1,0,1,0,0,0,1,0,1
2009,198000,1896.0,105.0,6.164663461538455,21900,1,0,0,1,0,1,1,0,0,1,0
2019,49800,1984.0,290.0,8.3,140900,0,1,1,0,1,0,1,0,0,0,1
2016,117300,1197.0,110.0,6.0,52500,0,1,1,0,0,1,0,0,1,0,1
2019,93758,1498.0,130.0,6.0,75900,0,1,1,0,1,0,0,0,1,1,0
2005,188256,1595.0,102.0,9.0,16999,1,0,1,0,0,1,0,1,0,0,1
2002,149000,1390.0,75.0,9.0,7999,1,0,1,0,0,1,0,1,0,1,0
2019,95649,999.0,115.0,5.5,51900,1,0,1,0,0,1,1,0,0,1,0
1998,170000,1595.0,102.0,9.0,6150,0,1,1,0,0,1,1,0,0,0,1
2006,257700,1896.0,105.0,6.0,15900,0,1,0,1,0,1,0,1,0,0,1
2016,129000,1395.0,150.0,6.928000000000002,64500,1,0,1,0,0,1,0,0,1,0,1
2009,179230,1390.0,80.0,8.0,21900,0,1,1,0,0,1,0,1,0,1,0
2014,214000,1968.0,140.0,5.9,45500,0,1,0,1,1,0,0,1,0,1,0
2013,223700,1598.0,105.0,4.6,35000,0,1,0,1,0,1,0,0,1,0,1
2016,47350,1395.0,125.0,6.0,59000,0,1,1,0,0,1,0,0,1,0,1
2008,230200,1595.0,102.0,9.0,16900,0,1,1,0,0,1,1,0,0,1,0
2018,80000,1395.0,125.0,6.0,75900,1,0,1,0,0,1,0,0,1,0,1
2010,84400,1197.0,105.0,7.0,30000,0,1,1,0,0,1,0,0,1,0,1
2017,125727,1395.0,125.0,8.0,75000,0,1,1,0,0,1,0,0,1,0,1
2017,112347,1395.0,125.0,8.0,75000,0,1,1,0,0,1,1,0,0,0,1
2015,112300,1984.0,220.0,8.0,73900,0,1,1,0,1,0,0,1,0,1,0
2003,165650,1390.0,75.0,9.0,8900,0,1,1,0,0,1,0,1,0,1,0
2006,191410,1600.0,102.0,6.164663461538455,22900,1,0,1,0,0,1,0,1,0,1,0
2006,181000,1390.0,80.0,8.0,14800,1,0,1,0,0,1,0,1,0,1,0
2012,95000,1390.0,160.0,8.0,37900,0,1,1,0,0,1,1,0,0,0,1
2002,148000,1598.0,105.0,9.0,11900,1,0,1,0,0,1,0,1,0,1,0
2006,226000,1595.0,102.0,9.0,15990,0,1,1,0,0,1,1,0,0,1,0
2008,225000,1968.0,140.0,7.0,16900,0,1,0,1,0,1,1,0,0,1,0
2016,199850,1598.0,110.0,4.0,58500,0,1,0,1,1,0,0,0,1,0,1
1992,205000,1595.0,70.0,6.164663461538455,6500,0,1,1,0,0,1,0,1,0,0,1
2019,134000,1598.0,115.0,4.9,48998,1,0,0,1,0,1,0,0,1,0,1
2014,258390,1968.0,150.0,5.2,49900,1,0,0,1,1,0,1,0,0,1,0
1999,35470,1781.0,318.0,11.0,29999,1,0,1,0,0,1,1,0,0,0,1
2005,190000,1896.0,105.55555555555556,6.164663461538455,22500,1,0,0,1,0,1,1,0,0,1,0
2009,168000,1998.0,129.84914846470403,6.164663461538455,34900,1,0,0,1,0,1,1,0,0,1,0
2012,250000,1598.0,105.0,6.164663461538455,25800,1,0,0,1,0,1,0,1,0,1,0
2011,190000,1390.0,122.0,8.0,24000,0,1,1,0,0,1,1,0,0,0,1
2022,10530,1968.0,150.0,6.21623931623932,172800,0,1,0,1,1,0,1,0,0,0,1
2003,231000,1390.0,75.0,9.0,7850,0,1,1,0,0,1,0,1,0,1,0
2007,200749,1390.0,80.0,9.0,16900,0,1,1,0,0,1,0,1,0,1,0
1997,250000,1896.0,90.0,6.0,8900,0,1,0,1,0,1,0,1,0,0,1
2015,120000,1395.0,122.0,6.6,57000,0,1,1,0,0,1,0,0,1,0,1
2006,208000,1390.0,140.0,9.0,16499,1,0,1,0,0,1,0,1,0,1,0
2018,94000,1395.0,125.0,7.0,67670,0,1,1,0,0,1,0,0,1,0,1
2013,222000,1598.0,105.0,5.7,29000,0,1,0,1,0,1,0,1,0,0,1
2006,116453,1390.0,170.0,6.928000000000002,18900,0,1,1,0,0,1,0,1,0,0,1
2015,142482,1984.0,230.0,8.2,85500,0,1,1,0,1,0,0,0,1,0,1
2005,325000,1896.0,105.0,6.164663461538455,8000,0,1,0,1,0,1,0,1,0,0,1
2008,220000,1595.0,102.0,9.8,19900,0,1,1,0,0,1,0,1,0,0,1
2013,212000,1197.0,105.0,7.0,35555,0,1,1,0,0,1,0,0,1,0,1
2010,179460,1197.0,105.0,6.0,19750,0,1,1,0,0,1,0,1,0,0,1
2019,121300,1598.0,115.0,6.164663461538455,60800,0,1,0,1,0,1,0,0,1,1,0
2014,131000,1395.0,122.0,6.0,46500,0,1,1,0,0,1,0,0,1,0,1
2011,285100,1598.0,105.0,5.7,25200,0,1,0,1,0,1,1,0,0,0,1
2018,189000,1968.0,150.0,5.0,69600,0,1,0,1,0,1,1,0,0,1,0
2001,173000,1390.0,75.0,8.0,7800,1,0,1,0,0,1,0,1,0,0,1
2012,163000,1390.0,160.0,8.0,37900,1,0,1,0,0,1,0,1,0,1,0
2009,130000,1595.0,102.0,9.0,28500,0,1,1,0,0,1,0,1,0,0,1
2013,156000,1598.0,105.0,5.0,46666,0,1,0,1,0,1,0,1,0,0,1
2011,310000,1598.0,105.0,6.5,23999,0,1,0,1,0,1,1,0,0,0,1
2010,227000,1395.0,122.0,7.190939597315435,23800,0,1,1,0,0,1,0,1,0,1,0
2018,55000,1968.0,150.0,5.0,105054,0,1,0,1,1,0,0,0,1,0,1
2007,328976,1896.0,105.0,6.0,14500,0,1,0,1,1,0,0,1,0,0,1
2009,300000,1896.0,105.0,6.6,15900,0,1,0,1,0,1,0,1,0,1,0
2008,280000,1896.0,105.0,6.164663461538455,17999,1,0,0,1,0,1,1,0,0,0,1
2007,230000,1896.0,105.0,6.6,15200,0,1,0,1,0,1,0,1,0,0,1
2006,209000,1595.0,102.0,9.0,13950,0,1,1,0,0,1,0,1,0,1,0
2005,233000,1400.0,80.0,7.190939597315435,11990,1,0,1,0,0,1,1,0,0,0,1
2006,247000,1390.0,75.0,9.0,14700,0,1,1,0,0,1,0,1,0,1,0
2018,160000,1598.0,115.0,6.0,51500,0,1,0,1,0,1,0,0,1,0,1
2014,200000,1598.0,110.0,4.0,37900,1,0,0,1,0,1,1,0,0,1,0
2021,25750,1968.0,150.0,6.21623931623932,123000,0,1,0,1,1,0,0,1,0,0,1
2009,190000,1390.0,80.0,9.0,20900,0,1,1,0,0,1,1,0,0,1,0
2018,206000,1598.0,115.0,6.164663461538455,73000,1,0,0,1,0,1,1,0,0,1,0
2017,213400,1395.0,125.0,6.0,55900,1,0,1,0,0,1,0,0,1,0,1
2016,200000,1968.0,150.0,5.0,56800,0,1,0,1,0,1,0,1,0,1,0
2009,250000,1896.0,105.0,6.0,16900,0,1,0,1,0,1,0,1,0,0,1
2017,127000,1968.0,150.0,5.2,69990,0,1,0,1,1,0,0,1,0,1,0
2011,230000,1968.0,170.0,7.0,46500,0,1,0,1,1,0,1,0,0,0,1
2007,174000,1390.0,170.0,9.0,14900,1,0,1,0,0,1,0,1,0,1,0
2015,190000,1968.0,184.0,5.0,56500,1,0,0,1,0,1,0,1,0,1,0
2016,129000,1395.0,150.0,6.928000000000002,64500,1,0,1,0,0,1,0,0,1,0,1
2015,262877,1395.0,150.0,6.928000000000002,47700,0,1,1,0,1,0,0,0,1,0,1
2014,198000,1968.0,150.0,5.0,43900,1,0,0,1,0,1,0,1,0,1,0
2018,68000,999.0,86.0,6.0,47000,0,1,1,0,0,1,0,0,1,0,1
2008,212000,1390.0,80.0,8.0,22900,1,0,1,0,0,1,0,1,0,1,0
2018,225800,1598.0,115.0,6.164663461538455,47500,0,1,0,1,0,1,0,0,1,0,1
2003,255000,1390.0,75.0,9.0,7700,0,1,1,0,0,1,0,0,1,0,1
2008,305000,1390.0,80.0,8.5,13900,1,0,1,0,0,1,1,0,0,1,0
2011,189265,1598.0,105.0,5.0,25949,1,0,0,1,0,1,1,0,0,1,0
2009,193000,1390.0,80.0,8.5,27999,0,1,1,0,0,1,0,1,0,1,0
2007,181000,1390.0,90.0,6.0,18900,0,1,1,0,0,1,0,1,0,1,0
1997,230100,1598.0,75.0,9.0,2750,0,1,1,0,0,1,0,1,0,1,0
2018,157235,1395.0,150.0,6.0,74000,1,0,1,0,1,0,0,0,1,0,1
2018,149000,1598.0,115.0,4.2,64900,1,0,0,1,1,0,0,1,0,1,0
2016,77000,1984.0,230.0,8.0,94500,0,1,1,0,1,0,0,1,0,1,0
2002,202000,1598.0,105.0,6.164663461538455,11900,1,0,1,0,0,1,0,1,0,0,1
2009,185000,1598.0,105.0,5.0,26900,0,1,0,1,0,1,0,0,1,0,1
2008,217500,1390.0,122.0,8.0,16500,0,1,1,0,0,1,0,0,1,0,1
2009,151000,1968.0,110.0,6.0,29900,0,1,0,1,0,1,1,0,0,1,0
2011,316000,1598.0,105.0,5.7,19800,1,0,0,1,0,1,0,1,0,1,0
2018,100000,999.0,110.0,5.9,58900,1,0,1,0,0,1,0,0,1,0,1
2018,122653,1598.0,115.0,6.164663461538455,64900,1,0,0,1,0,1,0,0,1,0,1
2019,129000,999.0,115.0,7.190939597315435,48500,1,0,1,0,0,1,0,0,1,0,1
2006,149279,1595.0,102.0,9.0,17900,0,1,1,0,0,1,0,1,0,1,0
2018,164000,1968.0,150.0,5.0,89900,1,0,0,1,1,0,0,1,0,1,0
2005,241000,1595.0,102.0,6.164663461538455,13800,0,1,1,0,0,1,0,1,0,0,1
2013,117530,1395.0,140.0,6.0,53998,0,1,1,0,1,0,0,1,0,1,0
2016,83306,1395.0,150.0,6.6,72900,1,0,1,0,0,1,1,0,0,0,1
2011,213900,1598.0,105.0,4.6,25900,0,1,0,1,0,1,0,1,0,1,0
2015,206000,1598.0,105.0,5.2,35300,0,1,0,1,0,1,0,0,1,0,1
2006,232000,1896.0,100.0,6.0,9000,0,1,0,1,0,1,1,0,0,0,1
2004,138000,1598.0,115.0,8.0,15900,0,1,1,0,0,1,0,0,1,0,1
2014,193000,1598.0,110.0,4.4,43999,1,0,0,1,1,0,1,0,0,0,1
2005,348258,1896.0,100.0,6.0,7999,0,1,0,1,0,1,0,1,0,1,0
2011,198750,1598.0,105.0,4.6,27500,0,1,0,1,0,1,1,0,0,0,1
2002,221000,1598.0,105.0,9.0,6500,0,1,1,0,0,1,0,1,0,0,1
2013,220000,1197.0,86.0,6.0,41900,0,1,1,0,0,1,1,0,0,0,1
2018,195550,1598.0,115.0,6.164663461538455,59900,1,0,0,1,0,1,0,1,0,0,1
2012,197300,1598.0,105.0,4.6,25900,0,1,0,1,0,1,0,1,0,1,0
2017,206000,1598.0,115.0,6.164663461538455,48900,1,0,0,1,0,1,1,0,0,0,1
2008,178000,1968.0,140.0,6.0,22500,0,1,0,1,0,1,0,0,1,0,1
2011,250000,1598.0,105.0,5.2,26900,0,1,0,1,0,1,0,1,0,1,0
2016,170000,1598.0,110.0,4.0,48900,0,1,0,1,1,0,0,1,0,1,0
2015,202000,1598.0,110.0,4.0,45000,0,1,0,1,1,0,0,1,0,0,1
2008,334780,1896.0,105.0,6.6,12000,0,1,0,1,0,1,1,0,0,1,0
2017,196500,1598.0,115.0,6.164663461538455,49999,0,1,0,1,0,1,0,1,0,0,1
2006,287000,1896.0,105.0,6.0,15500,0,1,0,1,0,1,0,0,1,0,1
2005,209000,1390.0,75.0,9.0,13699,1,0,1,0,0,1,0,1,0,1,0
2018,67000,1598.0,115.0,6.164663461538455,72000,0,1,0,1,0,1,0,0,1,0,1
2007,176299,1390.0,80.0,8.0,17500,0,1,1,0,0,1,0,1,0,0,1
2010,186300,1390.0,160.0,8.0,30999,0,1,1,0,1,0,1,0,0,0,1
2012,200000,1968.0,140.0,6.0,32900,0,1,0,1,0,1,0,1,0,1,0
2014,220000,1968.0,150.0,5.2,42999,1,0,0,1,0,1,0,1,0,1,0
2010,231014,1598.0,105.0,5.0,29800,0,1,0,1,1,0,0,1,0,0,1
2009,197000,1390.0,80.0,8.5,23500,0,1,1,0,0,1,0,1,0,0,1
2005,283000,1896.0,105.0,7.0,15700,0,1,0,1,0,1,0,1,0,1,0
2010,176380,1390.0,80.0,8.0,27000,1,0,1,0,0,1,0,1,0,1,0
2001,198000,1390.0,75.0,7.190939597315435,7000,0,1,1,0,0,1,0,1,0,0,1
2005,285000,1896.0,105.0,6.0,13000,0,1,0,1,0,1,1,0,0,0,1
2014,212000,1968.0,150.0,5.2,44900,0,1,0,1,0,1,0,1,0,0,1
2011,374900,1598.0,105.0,4.0,20900,0,1,0,1,0,1,0,1,0,0,1
2003,219000,1896.0,100.0,8.0,12900,0,1,0,1,1,0,0,1,0,0,1
2003,344500,1896.0,130.0,7.0,6300,0,1,0,1,0,1,1,0,0,0,1
2014,208570,1598.0,105.0,4.6,36500,0,1,0,1,0,1,0,0,1,0,1
2012,236286,1598.0,105.0,5.0,26900,0,1,0,1,0,1,0,0,1,0,1
2008,225000,1390.0,80.0,8.5,18500,0,1,1,0,0,1,0,1,0,1,0
2018,133000,1598.0,115.0,6.164663461538455,59900,1,0,0,1,0,1,0,0,1,0,1
2007,328000,1896.0,105.0,6.0,14900,0,1,0,1,0,1,0,0,1,0,1
2015,211000,1598.0,110.0,4.5,43900,1,0,0,1,0,1,0,1,0,1,0
2010,163077,1390.0,80.0,8.0,30999,0,1,1,0,0,1,0,1,0,0,1
2012,199000,1598.0,105.0,4.7,29900,0,1,0,1,0,1,1,0,0,1,0
2016,71760,1968.0,150.0,5.2,60900,0,1,0,1,0,1,0,1,0,1,0
2006,274700,1598.0,115.0,6.164663461538455,15900,1,0,1,0,0,1,0,0,1,0,1
2001,211541,1595.0,102.0,6.164663461538455,9999,0,1,1,0,0,1,0,1,0,1,0
2023,1,1984.0,245.0,6.21623931623932,178500,1,0,1,0,1,0,1,0,0,1,0
2008,139000,1390.0,122.0,8.2,20000,0,1,1,0,0,1,0,0,1,0,1
2008,178000,1390.0,122.0,8.0,17950,1,0,1,0,0,1,0,1,0,1,0
2011,230000,1390.0,122.0,7.190939597315435,29900,0,1,1,0,1,0,1,0,0,1,0
2020,20000,1498.0,130.0,7.190939597315435,106900,1,0,1,0,0,1,0,0,1,0,1
2013,211000,1968.0,150.0,5.0,42500,0,1,0,1,0,1,1,0,0,0,1
2019,119000,1598.0,115.0,6.164663461538455,65800,1,0,0,1,0,1,0,0,1,0,1
2019,81000,1598.0,115.0,6.164663461538455,63800,1,0,0,1,0,1,0,0,1,0,1
2019,93000,1598.0,115.0,6.164663461538455,59800,1,0,0,1,0,1,0,0,1,0,1
2006,198000,1390.0,75.0,9.0,10000,0,1,1,0,0,1,1,0,0,1,0
2008,435000,1896.0,105.0,6.164663461538455,11700,1,0,0,1,0,1,0,1,0,1,0
2016,149000,1968.0,150.0,6.21623931623932,62900,1,0,0,1,0,1,0,1,0,1,0
2015,47000,1197.0,86.0,7.190939597315435,49900,1,0,1,0,0,1,0,1,0,1,0
2018,50000,999.0,110.0,7.190939597315435,56900,0,1,1,0,0,1,0,0,1,0,1
2018,181950,1598.0,115.0,6.164663461538455,47900,1,0,0,1,0,1,0,0,1,0,1
2014,94752,1598.0,105.0,4.6,54900,0,1,0,1,0,1,0,0,1,1,0
2016,144000,1600.0,110.0,6.164663461538455,56900,0,1,0,1,0,1,0,1,0,0,1
2007,209000,1390.0,80.0,9.0,17399,1,0,1,0,0,1,0,1,0,1,0
2014,119900,1395.0,140.0,6.0,55500,1,0,1,0,0,1,1,0,0,0,1
1999,183159,1390.0,75.0,8.0,5900,0,1,1,0,0,1,0,1,0,1,0
2009,176900,1968.0,110.0,6.0,27999,1,0,0,1,0,1,0,1,0,1,0
2007,224208,1896.0,105.0,6.0,14900,0,1,0,1,0,1,0,1,0,1,0
2011,215651,1968.0,140.0,6.0,28400,1,0,0,1,0,1,1,0,0,1,0
2020,44216,1498.0,130.0,7.190939597315435,105900,1,0,1,0,0,1,0,0,1,0,1
2007,183800,1390.0,80.0,8.0,16000,0,1,1,0,0,1,1,0,0,0,1
2014,145000,1395.0,122.0,6.9,52000,0,1,1,0,0,1,0,0,1,0,1
2002,210000,1598.0,105.0,9.0,7500,0,1,1,0,0,1,0,1,0,0,1
2006,301000,1968.0,170.0,6.5,20000,0,1,0,1,0,1,1,0,0,0,1
2014,168000,1395.0,122.0,6.6,40500,0,1,1,0,0,1,1,0,0,0,1
2010,160000,1984.0,210.0,10.0,42900,1,0,1,0,0,1,1,0,0,1,0
2002,311000,1896.0,100.0,6.0,2300,0,1,0,1,0,1,0,1,0,0,1
2021,30000,1498.0,130.0,5.0,112500,1,0,1,0,0,1,0,0,1,0,1
2019,63500,1498.0,130.0,6.3,72889,1,0,1,0,0,1,0,0,1,0,1
2006,181000,1390.0,75.0,9.0,12900,1,0,1,0,0,1,0,1,0,1,0
2004,256000,1896.0,105.0,6.0,10900,1,0,0,1,0,1,0,1,0,1,0
1988,142961,1781.0,107.0,6.164663461538455,49999,1,0,1,0,0,1,1,0,0,1,0
2015,52109,1395.0,125.0,6.0,66800,1,0,1,0,1,0,0,0,1,0,1
2019,58000,1498.0,150.0,6.1,85500,0,1,1,0,1,0,1,0,0,0,1
2005,195670,1595.0,102.0,9.0,17000,1,0,1,0,0,1,0,1,0,1,0
2010,189000,1598.0,105.0,5.2,25900,1,0,0,1,0,1,1,0,0,1,0
